#VRML V2.0 utf8
# Generated by VRML 2.0 driver of GEANT4


#---------- CAMERA
Viewpoint {
	position 0 0 346.41
}

#---------- SOLID: world:0
	Shape {
		appearance Appearance {
			material Material {
				diffuseColor 1 1 1
				transparency 0.7
			}
		}
		geometry IndexedFaceSet {
			coord Coordinate {
				point [
					-100 -100 -100,
					100 -100 -100,
					100 100 -100,
					-100 100 -100,
					-100 -100 100,
					100 -100 100,
					100 100 100,
					-100 100 100,
				]
			}
			coordIndex [
				0, 3, 2, 1, -1,
				4, 7, 3, 0, -1,
				7, 6, 2, 3, -1,
				6, 5, 1, 2, -1,
				5, 4, 0, 1, -1,
				4, 5, 6, 7, -1,
			]
			solid FALSE
		}
	}
#---------- SOLID: shield:0
	Shape {
		appearance Appearance {
			material Material {
				diffuseColor 0.7 0.7 0.7
				transparency 0.7
			}
		}
		geometry IndexedFaceSet {
			coord Coordinate {
				point [
					-25 -25 -1,
					25 -25 -1,
					25 25 -1,
					-25 25 -1,
					-25 -25 1,
					25 -25 1,
					25 25 1,
					-25 25 1,
				]
			}
			coordIndex [
				0, 3, 2, 1, -1,
				4, 7, 3, 0, -1,
				7, 6, 2, 3, -1,
				6, 5, 1, 2, -1,
				5, 4, 0, 1, -1,
				4, 5, 6, 7, -1,
			]
			solid FALSE
		}
	}
#---------- SOLID: chip:0
	Shape {
		appearance Appearance {
			material Material {
				diffuseColor 0.2 0.7 0.2
				transparency 0.7
			}
		}
		geometry IndexedFaceSet {
			coord Coordinate {
				point [
					-5 -5 6,
					5 -5 6,
					5 5 6,
					-5 5 6,
					-5 -5 6.5,
					5 -5 6.5,
					5 5 6.5,
					-5 5 6.5,
				]
			}
			coordIndex [
				0, 3, 2, 1, -1,
				4, 7, 3, 0, -1,
				7, 6, 2, 3, -1,
				6, 5, 1, 2, -1,
				5, 4, 0, 1, -1,
				4, 5, 6, 7, -1,
			]
			solid FALSE
		}
	}
#---------- POLYLINE
Shape {
	appearance Appearance {
		material Material {
			diffuseColor 0 1 1
			emissiveColor 0 1 1
		}
	}
	geometry IndexedLineSet {
		coord Coordinate {
			point [
				-2.95608 0.942009 -50,
				-2.95608 0.942009 -1,
				-2.95608 0.942009 -0.747573,
				-2.95453 0.944235 0.0313545,
				-2.95342 0.945256 0.272707,
				-2.9508 0.947476 1,
				-3.0382 0.997601 6,
				-3.04202 0.999526 6.19522,
				-3.05028 1.00313 6.5,
				-5.82846 1.73973 100,
			]
		}
		coordIndex [
			0, 1, 2, 3, 4, 5, 6, 7, 8, 9, -1
		]
	}
}
#---------- POLYLINE
Shape {
	appearance Appearance {
		material Material {
			diffuseColor 1 0 0
			emissiveColor 1 0 0
		}
	}
	geometry IndexedLineSet {
		coord Coordinate {
			point [
				-2.95342 0.945256 0.272707,
				-2.94468 0.938474 0.281218,
			]
		}
		coordIndex [
			0, 1, -1
		]
	}
}
#---------- POLYLINE
Shape {
	appearance Appearance {
		material Material {
			diffuseColor 1 0 0
			emissiveColor 1 0 0
		}
	}
	geometry IndexedLineSet {
		coord Coordinate {
			point [
				-2.95453 0.944235 0.0313545,
				-2.9551 0.952642 0.0369928,
			]
		}
		coordIndex [
			0, 1, -1
		]
	}
}
#---------- POLYLINE
Shape {
	appearance Appearance {
		material Material {
			diffuseColor 1 0 0
			emissiveColor 1 0 0
		}
	}
	geometry IndexedLineSet {
		coord Coordinate {
			point [
				-2.95608 0.942009 -0.747573,
				-2.95476 0.938525 -0.745757,
			]
		}
		coordIndex [
			0, 1, -1
		]
	}
}
#---------- POLYLINE
Shape {
	appearance Appearance {
		material Material {
			diffuseColor 0 1 1
			emissiveColor 0 1 1
		}
	}
	geometry IndexedLineSet {
		coord Coordinate {
			point [
				-1.65481 3.54962 -50,
				-1.65481 3.54962 -1,
				-1.65481 3.54962 -0.670923,
				-1.65422 3.54863 -0.373439,
				-1.65408 3.54849 -0.170465,
				-1.654 3.5486 -0.0601064,
				-1.65406 3.54886 0.0265458,
				-1.65418 3.54951 0.146026,
				-1.65468 3.55097 0.40503,
				-1.65466 3.55286 0.542575,
				-1.65399 3.55546 0.69987,
				-1.65337 3.56156 1,
				-1.64069 3.64044 6,
				-1.64026 3.64308 6.16736,
				-1.6396 3.64618 6.39511,
				-1.6392 3.64697 6.5,
				-1.35123 4.10666 100,
			]
		}
		coordIndex [
			0, 1, 2, 3, 4, 5, 6, 7, 8, 9, 
			10, 11, 12, 13, 14, 15, 16, -1
		]
	}
}
#---------- POLYLINE
Shape {
	appearance Appearance {
		material Material {
			diffuseColor 1 0 0
			emissiveColor 1 0 0
		}
	}
	geometry IndexedLineSet {
		coord Coordinate {
			point [
				-1.6396 3.64618 6.39511,
				-1.65363 3.63205 6.41743,
			]
		}
		coordIndex [
			0, 1, -1
		]
	}
}
#---------- POLYLINE
Shape {
	appearance Appearance {
		material Material {
			diffuseColor 1 0 0
			emissiveColor 1 0 0
		}
	}
	geometry IndexedLineSet {
		coord Coordinate {
			point [
				-1.64026 3.64308 6.16736,
				-1.63542 3.64101 6.17028,
			]
		}
		coordIndex [
			0, 1, -1
		]
	}
}
#---------- POLYLINE
Shape {
	appearance Appearance {
		material Material {
			diffuseColor 1 0 0
			emissiveColor 1 0 0
		}
	}
	geometry IndexedLineSet {
		coord Coordinate {
			point [
				-1.65399 3.55546 0.69987,
				-1.6426 3.56332 0.711657,
			]
		}
		coordIndex [
			0, 1, -1
		]
	}
}
#---------- POLYLINE
Shape {
	appearance Appearance {
		material Material {
			diffuseColor 1 0 0
			emissiveColor 1 0 0
		}
	}
	geometry IndexedLineSet {
		coord Coordinate {
			point [
				-1.65466 3.55286 0.542575,
				-1.65187 3.55633 0.544821,
			]
		}
		coordIndex [
			0, 1, -1
		]
	}
}
#---------- POLYLINE
Shape {
	appearance Appearance {
		material Material {
			diffuseColor 1 0 0
			emissiveColor 1 0 0
		}
	}
	geometry IndexedLineSet {
		coord Coordinate {
			point [
				-1.65468 3.55097 0.40503,
				-1.65266 3.55619 0.408132,
			]
		}
		coordIndex [
			0, 1, -1
		]
	}
}
#---------- POLYLINE
Shape {
	appearance Appearance {
		material Material {
			diffuseColor 1 0 0
			emissiveColor 1 0 0
		}
	}
	geometry IndexedLineSet {
		coord Coordinate {
			point [
				-1.65418 3.54951 0.146026,
				-1.64675 3.54847 0.150894,
			]
		}
		coordIndex [
			0, 1, -1
		]
	}
}
#---------- POLYLINE
Shape {
	appearance Appearance {
		material Material {
			diffuseColor 1 0 0
			emissiveColor 1 0 0
		}
	}
	geometry IndexedLineSet {
		coord Coordinate {
			point [
				-1.65406 3.54886 0.0265458,
				-1.65081 3.54799 0.0281424,
			]
		}
		coordIndex [
			0, 1, -1
		]
	}
}
#---------- POLYLINE
Shape {
	appearance Appearance {
		material Material {
			diffuseColor 1 0 0
			emissiveColor 1 0 0
		}
	}
	geometry IndexedLineSet {
		coord Coordinate {
			point [
				-1.654 3.5486 -0.0601064,
				-1.65358 3.5527 -0.0580302,
			]
		}
		coordIndex [
			0, 1, -1
		]
	}
}
#---------- POLYLINE
Shape {
	appearance Appearance {
		material Material {
			diffuseColor 1 0 0
			emissiveColor 1 0 0
		}
	}
	geometry IndexedLineSet {
		coord Coordinate {
			point [
				-1.65408 3.54849 -0.170465,
				-1.67806 3.54688 -0.137144,
			]
		}
		coordIndex [
			0, 1, -1
		]
	}
}
#---------- POLYLINE
Shape {
	appearance Appearance {
		material Material {
			diffuseColor 1 0 0
			emissiveColor 1 0 0
		}
	}
	geometry IndexedLineSet {
		coord Coordinate {
			point [
				-1.65422 3.54863 -0.373439,
				-1.65541 3.55948 -0.282987,
			]
		}
		coordIndex [
			0, 1, -1
		]
	}
}
#---------- POLYLINE
Shape {
	appearance Appearance {
		material Material {
			diffuseColor 1 0 0
			emissiveColor 1 0 0
		}
	}
	geometry IndexedLineSet {
		coord Coordinate {
			point [
				-1.65481 3.54962 -0.670923,
				-1.66043 3.54498 -0.666342,
			]
		}
		coordIndex [
			0, 1, -1
		]
	}
}
#---------- POLYLINE
Shape {
	appearance Appearance {
		material Material {
			diffuseColor 0 1 1
			emissiveColor 0 1 1
		}
	}
	geometry IndexedLineSet {
		coord Coordinate {
			point [
				3.70309 1.03334 -50,
				3.70309 1.03334 -1,
				3.70309 1.03334 -0.813903,
				3.70232 1.03329 -0.211831,
				3.70217 1.03385 -0.1031,
				3.70133 1.03535 0.402065,
				3.70079 1.03542 0.505804,
				3.69789 1.03479 1,
				3.67684 0.984996 6,
				3.67473 0.980017 6.5,
				2.81491 0.346832 100,
			]
		}
		coordIndex [
			0, 1, 2, 3, 4, 5, 6, 7, 8, 9, 
			10, -1
		]
	}
}
#---------- POLYLINE
Shape {
	appearance Appearance {
		material Material {
			diffuseColor 1 0 0
			emissiveColor 1 0 0
		}
	}
	geometry IndexedLineSet {
		coord Coordinate {
			point [
				3.70079 1.03542 0.505804,
				3.72515 1.04375 0.554379,
				3.72401 1.0473 0.546268,
			]
		}
		coordIndex [
			0, 1, 2, -1
		]
	}
}
#---------- POLYLINE
Shape {
	appearance Appearance {
		material Material {
			diffuseColor 1 0 0
			emissiveColor 1 0 0
		}
	}
	geometry IndexedLineSet {
		coord Coordinate {
			point [
				3.70133 1.03535 0.402065,
				3.67961 1.04406 0.433016,
			]
		}
		coordIndex [
			0, 1, -1
		]
	}
}
#---------- POLYLINE
Shape {
	appearance Appearance {
		material Material {
			diffuseColor 1 0 0
			emissiveColor 1 0 0
		}
	}
	geometry IndexedLineSet {
		coord Coordinate {
			point [
				3.70217 1.03385 -0.1031,
				3.69925 1.02849 -0.0994927,
			]
		}
		coordIndex [
			0, 1, -1
		]
	}
}
#---------- POLYLINE
Shape {
	appearance Appearance {
		material Material {
			diffuseColor 1 0 0
			emissiveColor 1 0 0
		}
	}
	geometry IndexedLineSet {
		coord Coordinate {
			point [
				3.70309 1.03334 -0.813903,
				3.70621 1.02533 -0.808096,
			]
		}
		coordIndex [
			0, 1, -1
		]
	}
}
#---------- POLYLINE
Shape {
	appearance Appearance {
		material Material {
			diffuseColor 0 1 1
			emissiveColor 0 1 1
		}
	}
	geometry IndexedLineSet {
		coord Coordinate {
			point [
				-3.34872 -0.523335 -50,
				-3.34872 -0.523335 -1,
				-3.34872 -0.523335 -0.762914,
				-3.34864 -0.523248 -0.522853,
				-3.34859 -0.523549 -0.393706,
				-3.34754 -0.524111 -0.0880823,
				-3.34749 -0.524258 0.117408,
				-3.34797 -0.524187 0.279516,
				-3.34645 -0.52631 1,
				-3.34531 -0.668407 6,
				-3.34834 -0.679062 6.23709,
				-3.3494 -0.682085 6.30319,
				-3.35213 -0.690886 6.5,
				-4.82011 -5.04601 100,
			]
		}
		coordIndex [
			0, 1, 2, 3, 4, 5, 6, 7, 8, 9, 
			10, 11, 12, 13, -1
		]
	}
}
#---------- POLYLINE
Shape {
	appearance Appearance {
		material Material {
			diffuseColor 1 0 0
			emissiveColor 1 0 0
		}
	}
	geometry IndexedLineSet {
		coord Coordinate {
			point [
				-3.34797 -0.524187 0.279516,
				-3.35755 -0.520491 0.287201,
			]
		}
		coordIndex [
			0, 1, -1
		]
	}
}
#---------- POLYLINE
Shape {
	appearance Appearance {
		material Material {
			diffuseColor 1 0 0
			emissiveColor 1 0 0
		}
	}
	geometry IndexedLineSet {
		coord Coordinate {
			point [
				-3.34749 -0.524258 0.117408,
				-3.34907 -0.527739 0.119291,
			]
		}
		coordIndex [
			0, 1, -1
		]
	}
}
#---------- POLYLINE
Shape {
	appearance Appearance {
		material Material {
			diffuseColor 1 0 0
			emissiveColor 1 0 0
		}
	}
	geometry IndexedLineSet {
		coord Coordinate {
			point [
				-3.34859 -0.523549 -0.393706,
				-3.35287 -0.524342 -0.391441,
			]
		}
		coordIndex [
			0, 1, -1
		]
	}
}
#---------- POLYLINE
Shape {
	appearance Appearance {
		material Material {
			diffuseColor 1 0 0
			emissiveColor 1 0 0
		}
	}
	geometry IndexedLineSet {
		coord Coordinate {
			point [
				-3.34864 -0.523248 -0.522853,
				-3.345 -0.527593 -0.519639,
			]
		}
		coordIndex [
			0, 1, -1
		]
	}
}
#---------- POLYLINE
Shape {
	appearance Appearance {
		material Material {
			diffuseColor 1 0 0
			emissiveColor 1 0 0
		}
	}
	geometry IndexedLineSet {
		coord Coordinate {
			point [
				-3.34872 -0.523335 -0.762914,
				-3.35005 -0.527456 -0.76069,
			]
		}
		coordIndex [
			0, 1, -1
		]
	}
}
#---------- POLYLINE
Shape {
	appearance Appearance {
		material Material {
			diffuseColor 0 1 1
			emissiveColor 0 1 1
		}
	}
	geometry IndexedLineSet {
		coord Coordinate {
			point [
				-3.96195 -0.237209 -50,
				-3.96195 -0.237209 -1,
				-3.96195 -0.237209 0.542518,
				-3.96317 -0.23518 0.730048,
				-3.96588 -0.232161 1,
				-4.01299 -0.181164 6,
				-4.01451 -0.179519 6.16131,
				-4.01771 -0.176682 6.5,
				-4.95712 0.69153 100,
			]
		}
		coordIndex [
			0, 1, 2, 3, 4, 5, 6, 7, 8, -1
		]
	}
}
#---------- POLYLINE
Shape {
	appearance Appearance {
		material Material {
			diffuseColor 1 0 0
			emissiveColor 1 0 0
		}
	}
	geometry IndexedLineSet {
		coord Coordinate {
			point [
				-4.01451 -0.179519 6.16131,
				-4.01109 -0.182303 6.16364,
			]
		}
		coordIndex [
			0, 1, -1
		]
	}
}
#---------- POLYLINE
Shape {
	appearance Appearance {
		material Material {
			diffuseColor 1 0 0
			emissiveColor 1 0 0
		}
	}
	geometry IndexedLineSet {
		coord Coordinate {
			point [
				-3.96317 -0.23518 0.730048,
				-3.94037 -0.222434 0.777228,
			]
		}
		coordIndex [
			0, 1, -1
		]
	}
}
#---------- POLYLINE
Shape {
	appearance Appearance {
		material Material {
			diffuseColor 1 0 0
			emissiveColor 1 0 0
		}
	}
	geometry IndexedLineSet {
		coord Coordinate {
			point [
				-3.96195 -0.237209 0.542518,
				-3.95781 -0.237964 0.544718,
			]
		}
		coordIndex [
			0, 1, -1
		]
	}
}
#---------- POLYLINE
Shape {
	appearance Appearance {
		material Material {
			diffuseColor 0 1 1
			emissiveColor 0 1 1
		}
	}
	geometry IndexedLineSet {
		coord Coordinate {
			point [
				-1.11024 -1.34603 -50,
				-1.11024 -1.34603 -1,
				-1.11024 -1.34603 -0.762403,
				-1.11021 -1.34647 -0.565275,
				-1.11025 -1.34649 -0.509131,
				-1.11035 -1.34675 -0.218107,
				-1.11058 -1.34676 -0.102894,
				-1.11084 -1.34719 0.102969,
				-1.11117 -1.34747 0.198444,
				-1.11126 -1.34754 0.216642,
				-1.11595 -1.35004 1,
				-1.18615 -1.38146 6,
				-1.19317 -1.3846 6.5,
				-2.75671 -1.03739 100,
			]
		}
		coordIndex [
			0, 1, 2, 3, 4, 5, 6, 7, 8, 9, 
			10, 11, 12, 13, -1
		]
	}
}
#---------- POLYLINE
Shape {
	appearance Appearance {
		material Material {
			diffuseColor 1 0 0
			emissiveColor 1 0 0
		}
	}
	geometry IndexedLineSet {
		coord Coordinate {
			point [
				-1.11126 -1.34754 0.216642,
				-1.10839 -1.34991 0.218478,
			]
		}
		coordIndex [
			0, 1, -1
		]
	}
}
#---------- POLYLINE
Shape {
	appearance Appearance {
		material Material {
			diffuseColor 1 0 0
			emissiveColor 1 0 0
		}
	}
	geometry IndexedLineSet {
		coord Coordinate {
			point [
				-1.11117 -1.34747 0.198444,
				-1.10741 -1.35365 0.203025,
			]
		}
		coordIndex [
			0, 1, -1
		]
	}
}
#---------- POLYLINE
Shape {
	appearance Appearance {
		material Material {
			diffuseColor 1 0 0
			emissiveColor 1 0 0
		}
	}
	geometry IndexedLineSet {
		coord Coordinate {
			point [
				-1.11084 -1.34719 0.102969,
				-1.11164 -1.34008 0.107512,
			]
		}
		coordIndex [
			0, 1, -1
		]
	}
}
#---------- POLYLINE
Shape {
	appearance Appearance {
		material Material {
			diffuseColor 1 0 0
			emissiveColor 1 0 0
		}
	}
	geometry IndexedLineSet {
		coord Coordinate {
			point [
				-1.11058 -1.34676 -0.102894,
				-1.11849 -1.33795 -0.0934561,
			]
		}
		coordIndex [
			0, 1, -1
		]
	}
}
#---------- POLYLINE
Shape {
	appearance Appearance {
		material Material {
			diffuseColor 1 0 0
			emissiveColor 1 0 0
		}
	}
	geometry IndexedLineSet {
		coord Coordinate {
			point [
				-1.11035 -1.34675 -0.218107,
				-1.11528 -1.34806 -0.215326,
			]
		}
		coordIndex [
			0, 1, -1
		]
	}
}
#---------- POLYLINE
Shape {
	appearance Appearance {
		material Material {
			diffuseColor 1 0 0
			emissiveColor 1 0 0
		}
	}
	geometry IndexedLineSet {
		coord Coordinate {
			point [
				-1.11025 -1.34649 -0.509131,
				-1.10585 -1.34578 -0.506811,
			]
		}
		coordIndex [
			0, 1, -1
		]
	}
}
#---------- POLYLINE
Shape {
	appearance Appearance {
		material Material {
			diffuseColor 1 0 0
			emissiveColor 1 0 0
		}
	}
	geometry IndexedLineSet {
		coord Coordinate {
			point [
				-1.11021 -1.34647 -0.565275,
				-1.11607 -1.3711 -0.527985,
			]
		}
		coordIndex [
			0, 1, -1
		]
	}
}
#---------- POLYLINE
Shape {
	appearance Appearance {
		material Material {
			diffuseColor 1 0 0
			emissiveColor 1 0 0
		}
	}
	geometry IndexedLineSet {
		coord Coordinate {
			point [
				-1.11024 -1.34603 -0.762403,
				-1.11539 -1.34742 -0.759449,
			]
		}
		coordIndex [
			0, 1, -1
		]
	}
}
#---------- POLYLINE
Shape {
	appearance Appearance {
		material Material {
			diffuseColor 0 1 1
			emissiveColor 0 1 1
		}
	}
	geometry IndexedLineSet {
		coord Coordinate {
			point [
				-0.175161 -1.49467 -50,
				-0.175161 -1.49467 -1,
				-0.175161 -1.49467 -0.981457,
				-0.176302 -1.49496 0.312279,
				-0.175582 -1.49736 0.720605,
				-0.175504 -1.4973 0.788732,
				-0.174796 -1.49716 1,
				-0.156639 -1.49348 6,
				-0.156116 -1.49337 6.14398,
				-0.156179 -1.49347 6.2696,
				-0.15641 -1.49375 6.40778,
				-0.156852 -1.49425 6.5,
				-0.471492 -2.18251 100,
			]
		}
		coordIndex [
			0, 1, 2, 3, 4, 5, 6, 7, 8, 9, 
			10, 11, 12, -1
		]
	}
}
#---------- POLYLINE
Shape {
	appearance Appearance {
		material Material {
			diffuseColor 1 0 0
			emissiveColor 1 0 0
		}
	}
	geometry IndexedLineSet {
		coord Coordinate {
			point [
				-0.15641 -1.49375 6.40778,
				-0.153814 -1.49004 6.41017,
			]
		}
		coordIndex [
			0, 1, -1
		]
	}
}
#---------- POLYLINE
Shape {
	appearance Appearance {
		material Material {
			diffuseColor 1 0 0
			emissiveColor 1 0 0
		}
	}
	geometry IndexedLineSet {
		coord Coordinate {
			point [
				-0.156179 -1.49347 6.2696,
				-0.159101 -1.49527 6.2712,
			]
		}
		coordIndex [
			0, 1, -1
		]
	}
}
#---------- POLYLINE
Shape {
	appearance Appearance {
		material Material {
			diffuseColor 1 0 0
			emissiveColor 1 0 0
		}
	}
	geometry IndexedLineSet {
		coord Coordinate {
			point [
				-0.156116 -1.49337 6.14398,
				-0.155607 -1.49913 6.14725,
			]
		}
		coordIndex [
			0, 1, -1
		]
	}
}
#---------- POLYLINE
Shape {
	appearance Appearance {
		material Material {
			diffuseColor 1 0 0
			emissiveColor 1 0 0
		}
	}
	geometry IndexedLineSet {
		coord Coordinate {
			point [
				-0.175504 -1.4973 0.788732,
				-0.170132 -1.47474 0.819861,
			]
		}
		coordIndex [
			0, 1, -1
		]
	}
}
#---------- POLYLINE
Shape {
	appearance Appearance {
		material Material {
			diffuseColor 1 0 0
			emissiveColor 1 0 0
		}
	}
	geometry IndexedLineSet {
		coord Coordinate {
			point [
				-0.175582 -1.49736 0.720605,
				-0.173365 -1.48409 0.732164,
			]
		}
		coordIndex [
			0, 1, -1
		]
	}
}
#---------- POLYLINE
Shape {
	appearance Appearance {
		material Material {
			diffuseColor 1 0 0
			emissiveColor 1 0 0
		}
	}
	geometry IndexedLineSet {
		coord Coordinate {
			point [
				-0.176302 -1.49496 0.312279,
				-0.162178 -1.5071 0.331798,
			]
		}
		coordIndex [
			0, 1, -1
		]
	}
}
#---------- POLYLINE
Shape {
	appearance Appearance {
		material Material {
			diffuseColor 1 0 0
			emissiveColor 1 0 0
		}
	}
	geometry IndexedLineSet {
		coord Coordinate {
			point [
				-0.175161 -1.49467 -0.981457,
				-0.171088 -1.4928 -0.979127,
			]
		}
		coordIndex [
			0, 1, -1
		]
	}
}
#---------- POLYLINE
Shape {
	appearance Appearance {
		material Material {
			diffuseColor 0 1 1
			emissiveColor 0 1 1
		}
	}
	geometry IndexedLineSet {
		coord Coordinate {
			point [
				1.25057 -2.34308 -50,
				1.25057 -2.34308 -1,
				1.25057 -2.34308 -0.830218,
				1.24676 -2.34224 -0.179576,
				1.2455 -2.34057 0.266641,
				1.2459 -2.34069 0.346473,
				1.24635 -2.34104 0.457502,
				1.24834 -2.3413 1,
				1.26447 -2.38265 6,
				1.26499 -2.38397 6.16,
				1.2653 -2.38462 6.22368,
				1.26626 -2.38706 6.49445,
				1.26631 -2.3871 6.5,
				2.15876 -3.19443 100,
			]
		}
		coordIndex [
			0, 1, 2, 3, 4, 5, 6, 7, 8, 9, 
			10, 11, 12, 13, -1
		]
	}
}
#---------- POLYLINE
Shape {
	appearance Appearance {
		material Material {
			diffuseColor 1 0 0
			emissiveColor 1 0 0
		}
	}
	geometry IndexedLineSet {
		coord Coordinate {
			point [
				1.26626 -2.38706 6.49445,
				1.26382 -2.38807 6.49628,
				1.26373 -2.39003 6.49667,
				1.26388 -2.39177 6.49747,
				1.26444 -2.39292 6.49792,
				1.26483 -2.39343 6.49823,
			]
		}
		coordIndex [
			0, 1, 2, 3, 4, 5, -1
		]
	}
}
#---------- POLYLINE
Shape {
	appearance Appearance {
		material Material {
			diffuseColor 1 0 0
			emissiveColor 1 0 0
		}
	}
	geometry IndexedLineSet {
		coord Coordinate {
			point [
				1.2653 -2.38462 6.22368,
				1.25752 -2.38831 6.22946,
			]
		}
		coordIndex [
			0, 1, -1
		]
	}
}
#---------- POLYLINE
Shape {
	appearance Appearance {
		material Material {
			diffuseColor 1 0 0
			emissiveColor 1 0 0
		}
	}
	geometry IndexedLineSet {
		coord Coordinate {
			point [
				1.26499 -2.38397 6.16,
				1.26847 -2.38279 6.16175,
			]
		}
		coordIndex [
			0, 1, -1
		]
	}
}
#---------- POLYLINE
Shape {
	appearance Appearance {
		material Material {
			diffuseColor 1 0 0
			emissiveColor 1 0 0
		}
	}
	geometry IndexedLineSet {
		coord Coordinate {
			point [
				1.24635 -2.34104 0.457502,
				1.2338 -2.33571 0.469465,
			]
		}
		coordIndex [
			0, 1, -1
		]
	}
}
#---------- POLYLINE
Shape {
	appearance Appearance {
		material Material {
			diffuseColor 1 0 0
			emissiveColor 1 0 0
		}
	}
	geometry IndexedLineSet {
		coord Coordinate {
			point [
				1.2459 -2.34069 0.346473,
				1.25174 -2.31657 0.4123,
			]
		}
		coordIndex [
			0, 1, -1
		]
	}
}
#---------- POLYLINE
Shape {
	appearance Appearance {
		material Material {
			diffuseColor 1 0 0
			emissiveColor 1 0 0
		}
	}
	geometry IndexedLineSet {
		coord Coordinate {
			point [
				1.2455 -2.34057 0.266641,
				1.2616 -2.32086 0.331649,
			]
		}
		coordIndex [
			0, 1, -1
		]
	}
}
#---------- POLYLINE
Shape {
	appearance Appearance {
		material Material {
			diffuseColor 1 0 0
			emissiveColor 1 0 0
		}
	}
	geometry IndexedLineSet {
		coord Coordinate {
			point [
				1.24676 -2.34224 -0.179576,
				1.2712 -2.35174 -0.122872,
			]
		}
		coordIndex [
			0, 1, -1
		]
	}
}
#---------- POLYLINE
Shape {
	appearance Appearance {
		material Material {
			diffuseColor 1 0 0
			emissiveColor 1 0 0
		}
	}
	geometry IndexedLineSet {
		coord Coordinate {
			point [
				1.25057 -2.34308 -0.830218,
				1.25777 -2.35957 -0.811754,
			]
		}
		coordIndex [
			0, 1, -1
		]
	}
}
#---------- POLYLINE
Shape {
	appearance Appearance {
		material Material {
			diffuseColor 0 1 1
			emissiveColor 0 1 1
		}
	}
	geometry IndexedLineSet {
		coord Coordinate {
			point [
				-2.30944 1.79087 -50,
				-2.30944 1.79087 -1,
				-2.30944 1.79087 -0.822673,
				-2.30946 1.79066 -0.480729,
				-2.30922 1.7901 -0.232416,
				-2.30747 1.7884 0.729145,
				-2.30481 1.78728 1,
				-2.25379 1.78013 6,
				-2.24945 1.77952 6.42504,
				-2.24941 1.77952 6.47693,
				-2.24941 1.77957 6.5,
				-2.30883 1.92 100,
			]
		}
		coordIndex [
			0, 1, 2, 3, 4, 5, 6, 7, 8, 9, 
			10, 11, -1
		]
	}
}
#---------- POLYLINE
Shape {
	appearance Appearance {
		material Material {
			diffuseColor 1 0 0
			emissiveColor 1 0 0
		}
	}
	geometry IndexedLineSet {
		coord Coordinate {
			point [
				-2.24941 1.77952 6.47693,
				-2.25052 1.77569 6.47891,
			]
		}
		coordIndex [
			0, 1, -1
		]
	}
}
#---------- POLYLINE
Shape {
	appearance Appearance {
		material Material {
			diffuseColor 1 0 0
			emissiveColor 1 0 0
		}
	}
	geometry IndexedLineSet {
		coord Coordinate {
			point [
				-2.24945 1.77952 6.42504,
				-2.25345 1.77531 6.42835,
			]
		}
		coordIndex [
			0, 1, -1
		]
	}
}
#---------- POLYLINE
Shape {
	appearance Appearance {
		material Material {
			diffuseColor 1 0 0
			emissiveColor 1 0 0
		}
	}
	geometry IndexedLineSet {
		coord Coordinate {
			point [
				-2.30747 1.7884 0.729145,
				-2.30015 1.78021 0.737436,
			]
		}
		coordIndex [
			0, 1, -1
		]
	}
}
#---------- POLYLINE
Shape {
	appearance Appearance {
		material Material {
			diffuseColor 1 0 0
			emissiveColor 1 0 0
		}
	}
	geometry IndexedLineSet {
		coord Coordinate {
			point [
				-2.30922 1.7901 -0.232416,
				-2.29961 1.7903 -0.225558,
			]
		}
		coordIndex [
			0, 1, -1
		]
	}
}
#---------- POLYLINE
Shape {
	appearance Appearance {
		material Material {
			diffuseColor 1 0 0
			emissiveColor 1 0 0
		}
	}
	geometry IndexedLineSet {
		coord Coordinate {
			point [
				-2.30946 1.79066 -0.480729,
				-2.31523 1.78847 -0.477098,
			]
		}
		coordIndex [
			0, 1, -1
		]
	}
}
#---------- POLYLINE
Shape {
	appearance Appearance {
		material Material {
			diffuseColor 1 0 0
			emissiveColor 1 0 0
		}
	}
	geometry IndexedLineSet {
		coord Coordinate {
			point [
				-2.30944 1.79087 -0.822673,
				-2.30474 1.79607 -0.818335,
			]
		}
		coordIndex [
			0, 1, -1
		]
	}
}
#---------- POLYLINE
Shape {
	appearance Appearance {
		material Material {
			diffuseColor 0 1 1
			emissiveColor 0 1 1
		}
	}
	geometry IndexedLineSet {
		coord Coordinate {
			point [
				-2.73182 2.91906 -50,
				-2.73182 2.91906 -1,
				-2.73182 2.91906 -0.771413,
				-2.73241 2.91918 -0.700776,
				-2.73351 2.91969 -0.610701,
				-2.73712 2.92254 -0.223232,
				-2.73758 2.9232 -0.145532,
				-2.73767 2.92332 -0.129074,
				-2.73977 2.92587 0.285894,
				-2.73893 2.92675 1,
				-2.72705 2.95707 6,
				-2.72681 2.9577 6.1046,
				-2.72634 2.95792 6.20483,
				-2.72581 2.95821 6.34462,
				-2.72512 2.95833 6.5,
				-2.18561 3.06641 100,
			]
		}
		coordIndex [
			0, 1, 2, 3, 4, 5, 6, 7, 8, 9, 
			10, 11, 12, 13, 14, 15, -1
		]
	}
}
#---------- POLYLINE
Shape {
	appearance Appearance {
		material Material {
			diffuseColor 1 0 0
			emissiveColor 1 0 0
		}
	}
	geometry IndexedLineSet {
		coord Coordinate {
			point [
				-2.72581 2.95821 6.34462,
				-2.72065 2.97036 6.35554,
			]
		}
		coordIndex [
			0, 1, -1
		]
	}
}
#---------- POLYLINE
Shape {
	appearance Appearance {
		material Material {
			diffuseColor 1 0 0
			emissiveColor 1 0 0
		}
	}
	geometry IndexedLineSet {
		coord Coordinate {
			point [
				-2.72634 2.95792 6.20483,
				-2.72213 2.95427 6.20795,
			]
		}
		coordIndex [
			0, 1, -1
		]
	}
}
#---------- POLYLINE
Shape {
	appearance Appearance {
		material Material {
			diffuseColor 1 0 0
			emissiveColor 1 0 0
		}
	}
	geometry IndexedLineSet {
		coord Coordinate {
			point [
				-2.72681 2.9577 6.1046,
				-2.7318 2.95851 6.10736,
			]
		}
		coordIndex [
			0, 1, -1
		]
	}
}
#---------- POLYLINE
Shape {
	appearance Appearance {
		material Material {
			diffuseColor 1 0 0
			emissiveColor 1 0 0
		}
	}
	geometry IndexedLineSet {
		coord Coordinate {
			point [
				-2.73977 2.92587 0.285894,
				-2.74059 2.9214 0.288313,
			]
		}
		coordIndex [
			0, 1, -1
		]
	}
}
#---------- POLYLINE
Shape {
	appearance Appearance {
		material Material {
			diffuseColor 1 0 0
			emissiveColor 1 0 0
		}
	}
	geometry IndexedLineSet {
		coord Coordinate {
			point [
				-2.73767 2.92332 -0.129074,
				-2.73801 2.92682 -0.127418,
			]
		}
		coordIndex [
			0, 1, -1
		]
	}
}
#---------- POLYLINE
Shape {
	appearance Appearance {
		material Material {
			diffuseColor 1 0 0
			emissiveColor 1 0 0
		}
	}
	geometry IndexedLineSet {
		coord Coordinate {
			point [
				-2.73758 2.9232 -0.145532,
				-2.73617 2.91886 -0.0535293,
			]
		}
		coordIndex [
			0, 1, -1
		]
	}
}
#---------- POLYLINE
Shape {
	appearance Appearance {
		material Material {
			diffuseColor 1 0 0
			emissiveColor 1 0 0
		}
	}
	geometry IndexedLineSet {
		coord Coordinate {
			point [
				-2.73712 2.92254 -0.223232,
				-2.76396 2.92747 -0.171183,
				-2.75739 2.9169 -0.172557,
			]
		}
		coordIndex [
			0, 1, 2, -1
		]
	}
}
#---------- POLYLINE
Shape {
	appearance Appearance {
		material Material {
			diffuseColor 1 0 0
			emissiveColor 1 0 0
		}
	}
	geometry IndexedLineSet {
		coord Coordinate {
			point [
				-2.73351 2.91969 -0.610701,
				-2.73409 2.93202 -0.600914,
			]
		}
		coordIndex [
			0, 1, -1
		]
	}
}
#---------- POLYLINE
Shape {
	appearance Appearance {
		material Material {
			diffuseColor 1 0 0
			emissiveColor 1 0 0
		}
	}
	geometry IndexedLineSet {
		coord Coordinate {
			point [
				-2.73241 2.91918 -0.700776,
				-2.73273 2.91578 -0.699149,
			]
		}
		coordIndex [
			0, 1, -1
		]
	}
}
#---------- POLYLINE
Shape {
	appearance Appearance {
		material Material {
			diffuseColor 1 0 0
			emissiveColor 1 0 0
		}
	}
	geometry IndexedLineSet {
		coord Coordinate {
			point [
				-2.73182 2.91906 -0.771413,
				-2.72447 2.91564 -0.766022,
			]
		}
		coordIndex [
			0, 1, -1
		]
	}
}
#---------- POLYLINE
Shape {
	appearance Appearance {
		material Material {
			diffuseColor 0 1 1
			emissiveColor 0 1 1
		}
	}
	geometry IndexedLineSet {
		coord Coordinate {
			point [
				1.35283 -2.90415 -50,
				1.35283 -2.90415 -1,
				1.35283 -2.90415 -0.479633,
				1.35295 -2.9047 -0.417121,
				1.35345 -2.90658 -0.172739,
				1.35336 -2.90922 0.103537,
				1.35294 -2.91213 0.283671,
				1.35234 -2.92387 1,
				1.39974 -2.99636 6,
				1.40104 -2.99834 6.13706,
				1.40396 -3.00191 6.39244,
				1.40542 -3.00411 6.5,
				2.59633 -5.03934 100,
			]
		}
		coordIndex [
			0, 1, 2, 3, 4, 5, 6, 7, 8, 9, 
			10, 11, 12, -1
		]
	}
}
#---------- POLYLINE
Shape {
	appearance Appearance {
		material Material {
			diffuseColor 1 0 0
			emissiveColor 1 0 0
		}
	}
	geometry IndexedLineSet {
		coord Coordinate {
			point [
				1.40396 -3.00191 6.39244,
				1.39926 -3.00402 6.39527,
			]
		}
		coordIndex [
			0, 1, -1
		]
	}
}
#---------- POLYLINE
Shape {
	appearance Appearance {
		material Material {
			diffuseColor 1 0 0
			emissiveColor 1 0 0
		}
	}
	geometry IndexedLineSet {
		coord Coordinate {
			point [
				1.40104 -2.99834 6.13706,
				1.39502 -3.00059 6.14092,
			]
		}
		coordIndex [
			0, 1, -1
		]
	}
}
#---------- POLYLINE
Shape {
	appearance Appearance {
		material Material {
			diffuseColor 1 0 0
			emissiveColor 1 0 0
		}
	}
	geometry IndexedLineSet {
		coord Coordinate {
			point [
				1.35294 -2.91213 0.283671,
				1.35655 -2.92006 0.289461,
			]
		}
		coordIndex [
			0, 1, -1
		]
	}
}
#---------- POLYLINE
Shape {
	appearance Appearance {
		material Material {
			diffuseColor 1 0 0
			emissiveColor 1 0 0
		}
	}
	geometry IndexedLineSet {
		coord Coordinate {
			point [
				1.35336 -2.90922 0.103537,
				1.37586 -2.89609 0.160023,
			]
		}
		coordIndex [
			0, 1, -1
		]
	}
}
#---------- POLYLINE
Shape {
	appearance Appearance {
		material Material {
			diffuseColor 1 0 0
			emissiveColor 1 0 0
		}
	}
	geometry IndexedLineSet {
		coord Coordinate {
			point [
				1.35345 -2.90658 -0.172739,
				1.35852 -2.90841 -0.169747,
			]
		}
		coordIndex [
			0, 1, -1
		]
	}
}
#---------- POLYLINE
Shape {
	appearance Appearance {
		material Material {
			diffuseColor 1 0 0
			emissiveColor 1 0 0
		}
	}
	geometry IndexedLineSet {
		coord Coordinate {
			point [
				1.35283 -2.90415 -0.479633,
				1.36028 -2.91167 -0.471866,
			]
		}
		coordIndex [
			0, 1, -1
		]
	}
}
#---------- POLYLINE
Shape {
	appearance Appearance {
		material Material {
			diffuseColor 0 1 1
			emissiveColor 0 1 1
		}
	}
	geometry IndexedLineSet {
		coord Coordinate {
			point [
				-0.95608 -2.45479 -50,
				-0.95608 -2.45479 -1,
				-0.95608 -2.45479 -0.932156,
				-0.9598 -2.45509 1,
				-0.925472 -2.40297 6,
				-0.925214 -2.40258 6.03754,
				-0.924136 -2.40062 6.20534,
				-0.921996 -2.39719 6.5,
				-0.0074883 -1.20178 100,
			]
		}
		coordIndex [
			0, 1, 2, 3, 4, 5, 6, 7, 8, -1
		]
	}
}
#---------- POLYLINE
Shape {
	appearance Appearance {
		material Material {
			diffuseColor 1 0 0
			emissiveColor 1 0 0
		}
	}
	geometry IndexedLineSet {
		coord Coordinate {
			point [
				-0.925214 -2.40258 6.03754,
				-0.92008 -2.40276 6.04027,
			]
		}
		coordIndex [
			0, 1, -1
		]
	}
}
#---------- POLYLINE
Shape {
	appearance Appearance {
		material Material {
			diffuseColor 1 0 0
			emissiveColor 1 0 0
		}
	}
	geometry IndexedLineSet {
		coord Coordinate {
			point [
				-0.95608 -2.45479 -0.932156,
				-0.961588 -2.45219 -0.928615,
			]
		}
		coordIndex [
			0, 1, -1
		]
	}
}
#---------- POLYLINE
Shape {
	appearance Appearance {
		material Material {
			diffuseColor 0 1 1
			emissiveColor 0 1 1
		}
	}
	geometry IndexedLineSet {
		coord Coordinate {
			point [
				2.20848 -2.4975 -50,
				2.20848 -2.4975 -1,
				2.20848 -2.4975 -0.0697784,
				2.20885 -2.49903 0.375609,
				2.21019 -2.49994 0.975687,
				2.21019 -2.49992 1,
				2.20979 -2.49506 6,
				2.20975 -2.49458 6.5,
				2.49897 -2.77204 100,
			]
		}
		coordIndex [
			0, 1, 2, 3, 4, 5, 6, 7, 8, -1
		]
	}
}
#---------- POLYLINE
Shape {
	appearance Appearance {
		material Material {
			diffuseColor 1 0 0
			emissiveColor 1 0 0
		}
	}
	geometry IndexedLineSet {
		coord Coordinate {
			point [
				2.21019 -2.49994 0.975687,
				2.21363 -2.5012 0.977483,
			]
		}
		coordIndex [
			0, 1, -1
		]
	}
}
#---------- POLYLINE
Shape {
	appearance Appearance {
		material Material {
			diffuseColor 1 0 0
			emissiveColor 1 0 0
		}
	}
	geometry IndexedLineSet {
		coord Coordinate {
			point [
				2.20848 -2.4975 -0.0697784,
				2.20468 -2.49348 -0.0666204,
			]
		}
		coordIndex [
			0, 1, -1
		]
	}
}
#---------- POLYLINE
Shape {
	appearance Appearance {
		material Material {
			diffuseColor 0 1 1
			emissiveColor 0 1 1
		}
	}
	geometry IndexedLineSet {
		coord Coordinate {
			point [
				-2.41968 -2.93539 -50,
				-2.41968 -2.93539 -1,
				-2.41968 -2.93539 -0.267965,
				-2.41948 -2.93569 -0.168398,
				-2.41945 -2.93571 -0.160564,
				-2.41887 -2.93634 0.0447509,
				-2.41693 -2.93924 0.814437,
				-2.41672 -2.93947 0.847313,
				-2.4156 -2.94064 1,
				-2.39251 -2.99598 6,
				-2.39176 -2.99778 6.16237,
				-2.38935 -3.00118 6.5,
				-1.72906 -3.74616 100,
			]
		}
		coordIndex [
			0, 1, 2, 3, 4, 5, 6, 7, 8, 9, 
			10, 11, 12, -1
		]
	}
}
#---------- POLYLINE
Shape {
	appearance Appearance {
		material Material {
			diffuseColor 1 0 0
			emissiveColor 1 0 0
		}
	}
	geometry IndexedLineSet {
		coord Coordinate {
			point [
				-2.41672 -2.93947 0.847313,
				-2.41855 -2.92185 0.866124,
			]
		}
		coordIndex [
			0, 1, -1
		]
	}
}
#---------- POLYLINE
Shape {
	appearance Appearance {
		material Material {
			diffuseColor 1 0 0
			emissiveColor 1 0 0
		}
	}
	geometry IndexedLineSet {
		coord Coordinate {
			point [
				-2.41693 -2.93924 0.814437,
				-2.4234 -2.9353 0.819473,
			]
		}
		coordIndex [
			0, 1, -1
		]
	}
}
#---------- POLYLINE
Shape {
	appearance Appearance {
		material Material {
			diffuseColor 1 0 0
			emissiveColor 1 0 0
		}
	}
	geometry IndexedLineSet {
		coord Coordinate {
			point [
				-2.41887 -2.93634 0.0447509,
				-2.42314 -2.95073 0.0583228,
			]
		}
		coordIndex [
			0, 1, -1
		]
	}
}
#---------- POLYLINE
Shape {
	appearance Appearance {
		material Material {
			diffuseColor 1 0 0
			emissiveColor 1 0 0
		}
	}
	geometry IndexedLineSet {
		coord Coordinate {
			point [
				-2.41945 -2.93571 -0.160564,
				-2.41726 -2.93832 -0.158976,
			]
		}
		coordIndex [
			0, 1, -1
		]
	}
}
#---------- POLYLINE
Shape {
	appearance Appearance {
		material Material {
			diffuseColor 1 0 0
			emissiveColor 1 0 0
		}
	}
	geometry IndexedLineSet {
		coord Coordinate {
			point [
				-2.41948 -2.93569 -0.168398,
				-2.41633 -2.9368 -0.166849,
			]
		}
		coordIndex [
			0, 1, -1
		]
	}
}
#---------- POLYLINE
Shape {
	appearance Appearance {
		material Material {
			diffuseColor 1 0 0
			emissiveColor 1 0 0
		}
	}
	geometry IndexedLineSet {
		coord Coordinate {
			point [
				-2.41968 -2.93539 -0.267965,
				-2.42176 -2.93927 -0.265694,
			]
		}
		coordIndex [
			0, 1, -1
		]
	}
}
#---------- POLYLINE
Shape {
	appearance Appearance {
		material Material {
			diffuseColor 0 1 1
			emissiveColor 0 1 1
		}
	}
	geometry IndexedLineSet {
		coord Coordinate {
			point [
				-0.863269 -2.4013 -50,
				-0.863269 -2.4013 -1,
				-0.863269 -2.4013 -0.709363,
				-0.863214 -2.40125 -0.63165,
				-0.863062 -2.40083 -0.419031,
				-0.862692 -2.40008 -0.187933,
				-0.862139 -2.3985 0.138785,
				-0.860303 -2.393 1,
				-0.83042 -2.33271 6,
				-0.827432 -2.32668 6.5,
				0.106043 -1.50792 100,
			]
		}
		coordIndex [
			0, 1, 2, 3, 4, 5, 6, 7, 8, 9, 
			10, -1
		]
	}
}
#---------- POLYLINE
Shape {
	appearance Appearance {
		material Material {
			diffuseColor 1 0 0
			emissiveColor 1 0 0
		}
	}
	geometry IndexedLineSet {
		coord Coordinate {
			point [
				-0.862139 -2.3985 0.138785,
				-0.854598 -2.39812 0.143624,
			]
		}
		coordIndex [
			0, 1, -1
		]
	}
}
#---------- POLYLINE
Shape {
	appearance Appearance {
		material Material {
			diffuseColor 1 0 0
			emissiveColor 1 0 0
		}
	}
	geometry IndexedLineSet {
		coord Coordinate {
			point [
				-0.862692 -2.40008 -0.187933,
				-0.852395 -2.38363 -0.167037,
			]
		}
		coordIndex [
			0, 1, -1
		]
	}
}
#---------- POLYLINE
Shape {
	appearance Appearance {
		material Material {
			diffuseColor 1 0 0
			emissiveColor 1 0 0
		}
	}
	geometry IndexedLineSet {
		coord Coordinate {
			point [
				-0.863214 -2.40125 -0.63165,
				-0.871005 -2.42329 -0.600948,
			]
		}
		coordIndex [
			0, 1, -1
		]
	}
}
#---------- POLYLINE
Shape {
	appearance Appearance {
		material Material {
			diffuseColor 0 1 1
			emissiveColor 0 1 1
		}
	}
	geometry IndexedLineSet {
		coord Coordinate {
			point [
				0.915053 2.01521 -50,
				0.915053 2.01521 -1,
				0.915053 2.01521 -0.721589,
				0.912797 2.01541 -0.430544,
				0.91262 2.01539 -0.417841,
				0.90812 2.01514 -0.0869306,
				0.908029 2.01515 -0.079281,
				0.907092 2.01519 -0.000306348,
				0.903779 2.01479 0.232382,
				0.902425 2.01477 0.316982,
				0.899679 2.01434 0.479916,
				0.897112 2.01389 0.65941,
				0.890732 2.01256 1,
				0.803813 1.9774 6,
				0.795121 1.97388 6.5,
				-0.809997 1.5775 100,
			]
		}
		coordIndex [
			0, 1, 2, 3, 4, 5, 6, 7, 8, 9, 
			10, 11, 12, 13, 14, 15, -1
		]
	}
}
#---------- POLYLINE
Shape {
	appearance Appearance {
		material Material {
			diffuseColor 1 0 0
			emissiveColor 1 0 0
		}
	}
	geometry IndexedLineSet {
		coord Coordinate {
			point [
				0.897112 2.01389 0.65941,
				0.905019 2.01343 0.664911,
			]
		}
		coordIndex [
			0, 1, -1
		]
	}
}
#---------- POLYLINE
Shape {
	appearance Appearance {
		material Material {
			diffuseColor 1 0 0
			emissiveColor 1 0 0
		}
	}
	geometry IndexedLineSet {
		coord Coordinate {
			point [
				0.902425 2.01477 0.316982,
				0.904323 2.00836 0.321125,
			]
		}
		coordIndex [
			0, 1, -1
		]
	}
}
#---------- POLYLINE
Shape {
	appearance Appearance {
		material Material {
			diffuseColor 1 0 0
			emissiveColor 1 0 0
		}
	}
	geometry IndexedLineSet {
		coord Coordinate {
			point [
				0.903779 2.01479 0.232382,
				0.910276 2.00645 0.240561,
			]
		}
		coordIndex [
			0, 1, -1
		]
	}
}
#---------- POLYLINE
Shape {
	appearance Appearance {
		material Material {
			diffuseColor 1 0 0
			emissiveColor 1 0 0
		}
	}
	geometry IndexedLineSet {
		coord Coordinate {
			point [
				0.907092 2.01519 -0.000306348,
				0.901396 2.02027 0.00452442,
			]
		}
		coordIndex [
			0, 1, -1
		]
	}
}
#---------- POLYLINE
Shape {
	appearance Appearance {
		material Material {
			diffuseColor 1 0 0
			emissiveColor 1 0 0
		}
	}
	geometry IndexedLineSet {
		coord Coordinate {
			point [
				0.908029 2.01515 -0.079281,
				0.903869 2.02218 -0.0739241,
			]
		}
		coordIndex [
			0, 1, -1
		]
	}
}
#---------- POLYLINE
Shape {
	appearance Appearance {
		material Material {
			diffuseColor 1 0 0
			emissiveColor 1 0 0
		}
	}
	geometry IndexedLineSet {
		coord Coordinate {
			point [
				0.90812 2.01514 -0.0869306,
				0.91108 2.01745 -0.0850464,
			]
		}
		coordIndex [
			0, 1, -1
		]
	}
}
#---------- POLYLINE
Shape {
	appearance Appearance {
		material Material {
			diffuseColor 1 0 0
			emissiveColor 1 0 0
		}
	}
	geometry IndexedLineSet {
		coord Coordinate {
			point [
				0.912797 2.01541 -0.430544,
				0.911281 2.01216 -0.428856,
			]
		}
		coordIndex [
			0, 1, -1
		]
	}
}
#---------- POLYLINE
Shape {
	appearance Appearance {
		material Material {
			diffuseColor 1 0 0
			emissiveColor 1 0 0
		}
	}
	geometry IndexedLineSet {
		coord Coordinate {
			point [
				0.915053 2.01521 -0.721589,
				0.902919 2.01701 -0.71176,
			]
		}
		coordIndex [
			0, 1, -1
		]
	}
}
#---------- POLYLINE
Shape {
	appearance Appearance {
		material Material {
			diffuseColor 0 1 1
			emissiveColor 0 1 1
		}
	}
	geometry IndexedLineSet {
		coord Coordinate {
			point [
				0.00320069 2.09836 -50,
				0.00320069 2.09836 -1,
				0.00320069 2.09836 -0.817387,
				0.00324922 2.09841 -0.763885,
				0.00323852 2.0984 -0.73794,
				0.00336637 2.09835 -0.390038,
				0.00305962 2.0992 0.0334407,
				0.00260625 2.09931 0.267119,
				0.00136366 2.099 0.591737,
				0.00132091 2.09902 0.59703,
				-0.000490483 2.09968 0.830727,
				-0.00210399 2.10003 0.992028,
				-0.00216485 2.10009 1,
				-0.0446371 2.14034 6,
				-0.0463531 2.14196 6.20201,
				-0.0472486 2.14291 6.33587,
				-0.0479649 2.14405 6.5,
				-0.448722 2.60436 100,
			]
		}
		coordIndex [
			0, 1, 2, 3, 4, 5, 6, 7, 8, 9, 
			10, 11, 12, 13, 14, 15, 16, 17, -1
		]
	}
}
#---------- POLYLINE
Shape {
	appearance Appearance {
		material Material {
			diffuseColor 1 0 0
			emissiveColor 1 0 0
		}
	}
	geometry IndexedLineSet {
		coord Coordinate {
			point [
				-0.0472486 2.14291 6.33587,
				-0.0451331 2.13781 6.33903,
			]
		}
		coordIndex [
			0, 1, -1
		]
	}
}
#---------- POLYLINE
Shape {
	appearance Appearance {
		material Material {
			diffuseColor 1 0 0
			emissiveColor 1 0 0
		}
	}
	geometry IndexedLineSet {
		coord Coordinate {
			point [
				-0.0463531 2.14196 6.20201,
				-0.0518246 2.14694 6.20656,
			]
		}
		coordIndex [
			0, 1, -1
		]
	}
}
#---------- POLYLINE
Shape {
	appearance Appearance {
		material Material {
			diffuseColor 1 0 0
			emissiveColor 1 0 0
		}
	}
	geometry IndexedLineSet {
		coord Coordinate {
			point [
				-0.00210399 2.10003 0.992028,
				-0.00489619 2.10121 0.994416,
				-0.00781176 2.10139 0.99504,
				-0.0091731 2.10001 0.993192,
				-0.0100826 2.09899 0.992288,
			]
		}
		coordIndex [
			0, 1, 2, 3, 4, -1
		]
	}
}
#---------- POLYLINE
Shape {
	appearance Appearance {
		material Material {
			diffuseColor 1 0 0
			emissiveColor 1 0 0
		}
	}
	geometry IndexedLineSet {
		coord Coordinate {
			point [
				-0.000490483 2.09968 0.830727,
				-0.00893361 2.08968 0.841762,
			]
		}
		coordIndex [
			0, 1, -1
		]
	}
}
#---------- POLYLINE
Shape {
	appearance Appearance {
		material Material {
			diffuseColor 1 0 0
			emissiveColor 1 0 0
		}
	}
	geometry IndexedLineSet {
		coord Coordinate {
			point [
				0.00132091 2.09902 0.59703,
				-0.00831323 2.09085 0.607449,
			]
		}
		coordIndex [
			0, 1, -1
		]
	}
}
#---------- POLYLINE
Shape {
	appearance Appearance {
		material Material {
			diffuseColor 1 0 0
			emissiveColor 1 0 0
		}
	}
	geometry IndexedLineSet {
		coord Coordinate {
			point [
				0.00136366 2.099 0.591737,
				-0.0245425 2.10244 0.634642,
			]
		}
		coordIndex [
			0, 1, -1
		]
	}
}
#---------- POLYLINE
Shape {
	appearance Appearance {
		material Material {
			diffuseColor 1 0 0
			emissiveColor 1 0 0
		}
	}
	geometry IndexedLineSet {
		coord Coordinate {
			point [
				0.00260625 2.09931 0.267119,
				-7.00703e-05 2.09694 0.268827,
			]
		}
		coordIndex [
			0, 1, -1
		]
	}
}
#---------- POLYLINE
Shape {
	appearance Appearance {
		material Material {
			diffuseColor 1 0 0
			emissiveColor 1 0 0
		}
	}
	geometry IndexedLineSet {
		coord Coordinate {
			point [
				0.00305962 2.0992 0.0334407,
				0.010173 2.09277 0.0403547,
			]
		}
		coordIndex [
			0, 1, -1
		]
	}
}
#---------- POLYLINE
Shape {
	appearance Appearance {
		material Material {
			diffuseColor 1 0 0
			emissiveColor 1 0 0
		}
	}
	geometry IndexedLineSet {
		coord Coordinate {
			point [
				0.00336637 2.09835 -0.390038,
				0.00959158 2.0897 -0.38198,
			]
		}
		coordIndex [
			0, 1, -1
		]
	}
}
#---------- POLYLINE
Shape {
	appearance Appearance {
		material Material {
			diffuseColor 1 0 0
			emissiveColor 1 0 0
		}
	}
	geometry IndexedLineSet {
		coord Coordinate {
			point [
				0.00323852 2.0984 -0.73794,
				-0.0108231 2.0998 -0.725627,
			]
		}
		coordIndex [
			0, 1, -1
		]
	}
}
#---------- POLYLINE
Shape {
	appearance Appearance {
		material Material {
			diffuseColor 1 0 0
			emissiveColor 1 0 0
		}
	}
	geometry IndexedLineSet {
		coord Coordinate {
			point [
				0.00324922 2.09841 -0.763885,
				0.0136102 2.09758 -0.756198,
			]
		}
		coordIndex [
			0, 1, -1
		]
	}
}
#---------- POLYLINE
Shape {
	appearance Appearance {
		material Material {
			diffuseColor 1 0 0
			emissiveColor 1 0 0
		}
	}
	geometry IndexedLineSet {
		coord Coordinate {
			point [
				0.00320069 2.09836 -0.817387,
				-0.00620423 2.10385 -0.809158,
			]
		}
		coordIndex [
			0, 1, -1
		]
	}
}
#---------- POLYLINE
Shape {
	appearance Appearance {
		material Material {
			diffuseColor 0 1 1
			emissiveColor 0 1 1
		}
	}
	geometry IndexedLineSet {
		coord Coordinate {
			point [
				2.2655 -0.703598 -50,
				2.2655 -0.703598 -1,
				2.2655 -0.703598 -0.311808,
				2.27015 -0.698888 0.444281,
				2.26954 -0.696892 0.773901,
				2.26927 -0.695845 0.874086,
				2.26909 -0.695344 0.937276,
				2.2688 -0.694856 1,
				2.25194 -0.650989 6,
				2.25165 -0.650227 6.08688,
				2.25157 -0.648827 6.18858,
				2.2506 -0.643958 6.5,
				2.06385 1.26759 100,
			]
		}
		coordIndex [
			0, 1, 2, 3, 4, 5, 6, 7, 8, 9, 
			10, 11, 12, -1
		]
	}
}
#---------- POLYLINE
Shape {
	appearance Appearance {
		material Material {
			diffuseColor 1 0 0
			emissiveColor 1 0 0
		}
	}
	geometry IndexedLineSet {
		coord Coordinate {
			point [
				2.25157 -0.648827 6.18858,
				2.2681 -0.651673 6.20485,
			]
		}
		coordIndex [
			0, 1, -1
		]
	}
}
#---------- POLYLINE
Shape {
	appearance Appearance {
		material Material {
			diffuseColor 1 0 0
			emissiveColor 1 0 0
		}
	}
	geometry IndexedLineSet {
		coord Coordinate {
			point [
				2.25165 -0.650227 6.08688,
				2.25623 -0.644079 6.09163,
			]
		}
		coordIndex [
			0, 1, -1
		]
	}
}
#---------- POLYLINE
Shape {
	appearance Appearance {
		material Material {
			diffuseColor 1 0 0
			emissiveColor 1 0 0
		}
	}
	geometry IndexedLineSet {
		coord Coordinate {
			point [
				2.26909 -0.695344 0.937276,
				2.26663 -0.690896 0.940024,
			]
		}
		coordIndex [
			0, 1, -1
		]
	}
}
#---------- POLYLINE
Shape {
	appearance Appearance {
		material Material {
			diffuseColor 1 0 0
			emissiveColor 1 0 0
		}
	}
	geometry IndexedLineSet {
		coord Coordinate {
			point [
				2.26927 -0.695845 0.874086,
				2.2609 -0.696223 0.879755,
			]
		}
		coordIndex [
			0, 1, -1
		]
	}
}
#---------- POLYLINE
Shape {
	appearance Appearance {
		material Material {
			diffuseColor 1 0 0
			emissiveColor 1 0 0
		}
	}
	geometry IndexedLineSet {
		coord Coordinate {
			point [
				2.26954 -0.696892 0.773901,
				2.25598 -0.687378 0.789857,
			]
		}
		coordIndex [
			0, 1, -1
		]
	}
}
#---------- POLYLINE
Shape {
	appearance Appearance {
		material Material {
			diffuseColor 1 0 0
			emissiveColor 1 0 0
		}
	}
	geometry IndexedLineSet {
		coord Coordinate {
			point [
				2.27015 -0.698888 0.444281,
				2.27979 -0.697024 0.451444,
			]
		}
		coordIndex [
			0, 1, -1
		]
	}
}
#---------- POLYLINE
Shape {
	appearance Appearance {
		material Material {
			diffuseColor 1 0 0
			emissiveColor 1 0 0
		}
	}
	geometry IndexedLineSet {
		coord Coordinate {
			point [
				2.2655 -0.703598 -0.311808,
				2.2653 -0.699719 -0.309919,
			]
		}
		coordIndex [
			0, 1, -1
		]
	}
}
#---------- POLYLINE
Shape {
	appearance Appearance {
		material Material {
			diffuseColor 0 1 1
			emissiveColor 0 1 1
		}
	}
	geometry IndexedLineSet {
		coord Coordinate {
			point [
				-1.41521 -1.53256 -50,
				-1.41521 -1.53256 -1,
				-1.41521 -1.53256 -0.836456,
				-1.41838 -1.53027 -0.0304283,
				-1.41759 -1.52967 0.212255,
				-1.4171 -1.52855 0.655728,
				-1.41585 -1.52599 1,
				-1.40807 -1.47366 6,
				-1.40729 -1.46843 6.5,
				-1.59591 -0.870414 100,
			]
		}
		coordIndex [
			0, 1, 2, 3, 4, 5, 6, 7, 8, 9, -1
		]
	}
}
#---------- POLYLINE
Shape {
	appearance Appearance {
		material Material {
			diffuseColor 1 0 0
			emissiveColor 1 0 0
		}
	}
	geometry IndexedLineSet {
		coord Coordinate {
			point [
				-1.4171 -1.52855 0.655728,
				-1.40542 -1.51489 0.674043,
			]
		}
		coordIndex [
			0, 1, -1
		]
	}
}
#---------- POLYLINE
Shape {
	appearance Appearance {
		material Material {
			diffuseColor 1 0 0
			emissiveColor 1 0 0
		}
	}
	geometry IndexedLineSet {
		coord Coordinate {
			point [
				-1.41759 -1.52967 0.212255,
				-1.41372 -1.5292 0.214184,
			]
		}
		coordIndex [
			0, 1, -1
		]
	}
}
#---------- POLYLINE
Shape {
	appearance Appearance {
		material Material {
			diffuseColor 1 0 0
			emissiveColor 1 0 0
		}
	}
	geometry IndexedLineSet {
		coord Coordinate {
			point [
				-1.41838 -1.53027 -0.0304283,
				-1.41467 -1.52983 -0.0285759,
			]
		}
		coordIndex [
			0, 1, -1
		]
	}
}
#---------- POLYLINE
Shape {
	appearance Appearance {
		material Material {
			diffuseColor 0 1 1
			emissiveColor 0 1 1
		}
	}
	geometry IndexedLineSet {
		coord Coordinate {
			point [
				0.461913 -1.54242 -50,
				0.461913 -1.54242 -1,
				0.461913 -1.54242 -0.680484,
				0.463485 -1.5438 -0.130953,
				0.463902 -1.54446 -0.00902043,
				0.464504 -1.54643 0.287548,
				0.465613 -1.55171 1,
				0.473079 -1.56082 6,
				0.473347 -1.56115 6.17959,
				0.473541 -1.56114 6.26557,
				0.473876 -1.56115 6.4064,
				0.474224 -1.56132 6.5,
				-0.280876 -1.9207 100,
			]
		}
		coordIndex [
			0, 1, 2, 3, 4, 5, 6, 7, 8, 9, 
			10, 11, 12, -1
		]
	}
}
#---------- POLYLINE
Shape {
	appearance Appearance {
		material Material {
			diffuseColor 1 0 0
			emissiveColor 1 0 0
		}
	}
	geometry IndexedLineSet {
		coord Coordinate {
			point [
				0.473876 -1.56115 6.4064,
				0.46999 -1.56248 6.40847,
			]
		}
		coordIndex [
			0, 1, -1
		]
	}
}
#---------- POLYLINE
Shape {
	appearance Appearance {
		material Material {
			diffuseColor 1 0 0
			emissiveColor 1 0 0
		}
	}
	geometry IndexedLineSet {
		coord Coordinate {
			point [
				0.473541 -1.56114 6.26557,
				0.481375 -1.53702 6.30143,
			]
		}
		coordIndex [
			0, 1, -1
		]
	}
}
#---------- POLYLINE
Shape {
	appearance Appearance {
		material Material {
			diffuseColor 1 0 0
			emissiveColor 1 0 0
		}
	}
	geometry IndexedLineSet {
		coord Coordinate {
			point [
				0.473347 -1.56115 6.17959,
				0.476155 -1.56312 6.18118,
			]
		}
		coordIndex [
			0, 1, -1
		]
	}
}
#---------- POLYLINE
Shape {
	appearance Appearance {
		material Material {
			diffuseColor 1 0 0
			emissiveColor 1 0 0
		}
	}
	geometry IndexedLineSet {
		coord Coordinate {
			point [
				0.464504 -1.54643 0.287548,
				0.440546 -1.55262 0.323874,
			]
		}
		coordIndex [
			0, 1, -1
		]
	}
}
#---------- POLYLINE
Shape {
	appearance Appearance {
		material Material {
			diffuseColor 1 0 0
			emissiveColor 1 0 0
		}
	}
	geometry IndexedLineSet {
		coord Coordinate {
			point [
				0.463902 -1.54446 -0.00902043,
				0.476127 -1.54024 0.00177811,
			]
		}
		coordIndex [
			0, 1, -1
		]
	}
}
#---------- POLYLINE
Shape {
	appearance Appearance {
		material Material {
			diffuseColor 1 0 0
			emissiveColor 1 0 0
		}
	}
	geometry IndexedLineSet {
		coord Coordinate {
			point [
				0.463485 -1.5438 -0.130953,
				0.462105 -1.54025 -0.129045,
			]
		}
		coordIndex [
			0, 1, -1
		]
	}
}
#---------- POLYLINE
Shape {
	appearance Appearance {
		material Material {
			diffuseColor 1 0 0
			emissiveColor 1 0 0
		}
	}
	geometry IndexedLineSet {
		coord Coordinate {
			point [
				0.461913 -1.54242 -0.680484,
				0.466822 -1.54596 -0.676989,
			]
		}
		coordIndex [
			0, 1, -1
		]
	}
}
#---------- POLYLINE
Shape {
	appearance Appearance {
		material Material {
			diffuseColor 0 1 1
			emissiveColor 0 1 1
		}
	}
	geometry IndexedLineSet {
		coord Coordinate {
			point [
				2.81255 1.88643 -50,
				2.81255 1.88643 -1,
				2.81255 1.88643 -0.0356091,
				2.81262 1.88656 -0.0155899,
				2.81281 1.88713 0.0834356,
				2.81285 1.8877 0.13589,
				2.81287 1.88794 0.160426,
				2.81382 1.89552 0.907937,
				2.81386 1.89687 1,
				2.80985 1.97386 6,
				2.80981 1.97475 6.05767,
				2.81003 1.97808 6.25572,
				2.81015 1.9786 6.27973,
				2.81098 1.98334 6.5,
				3.18316 4.27475 100,
			]
		}
		coordIndex [
			0, 1, 2, 3, 4, 5, 6, 7, 8, 9, 
			10, 11, 12, 13, 14, -1
		]
	}
}
#---------- POLYLINE
Shape {
	appearance Appearance {
		material Material {
			diffuseColor 1 0 0
			emissiveColor 1 0 0
		}
	}
	geometry IndexedLineSet {
		coord Coordinate {
			point [
				2.81015 1.9786 6.27973,
				2.81148 1.97538 6.28146,
			]
		}
		coordIndex [
			0, 1, -1
		]
	}
}
#---------- POLYLINE
Shape {
	appearance Appearance {
		material Material {
			diffuseColor 1 0 0
			emissiveColor 1 0 0
		}
	}
	geometry IndexedLineSet {
		coord Coordinate {
			point [
				2.80981 1.97475 6.05767,
				2.80936 1.97076 6.05975,
			]
		}
		coordIndex [
			0, 1, -1
		]
	}
}
#---------- POLYLINE
Shape {
	appearance Appearance {
		material Material {
			diffuseColor 1 0 0
			emissiveColor 1 0 0
		}
	}
	geometry IndexedLineSet {
		coord Coordinate {
			point [
				2.81382 1.89552 0.907937,
				2.80668 1.90433 0.916626,
			]
		}
		coordIndex [
			0, 1, -1
		]
	}
}
#---------- POLYLINE
Shape {
	appearance Appearance {
		material Material {
			diffuseColor 1 0 0
			emissiveColor 1 0 0
		}
	}
	geometry IndexedLineSet {
		coord Coordinate {
			point [
				2.81287 1.88794 0.160426,
				2.80676 1.87998 0.167966,
			]
		}
		coordIndex [
			0, 1, -1
		]
	}
}
#---------- POLYLINE
Shape {
	appearance Appearance {
		material Material {
			diffuseColor 1 0 0
			emissiveColor 1 0 0
		}
	}
	geometry IndexedLineSet {
		coord Coordinate {
			point [
				2.81285 1.8877 0.13589,
				2.78685 1.89237 0.181562,
			]
		}
		coordIndex [
			0, 1, -1
		]
	}
}
#---------- POLYLINE
Shape {
	appearance Appearance {
		material Material {
			diffuseColor 1 0 0
			emissiveColor 1 0 0
		}
	}
	geometry IndexedLineSet {
		coord Coordinate {
			point [
				2.81281 1.88713 0.0834356,
				2.82044 1.88935 0.0886218,
			]
		}
		coordIndex [
			0, 1, -1
		]
	}
}
#---------- POLYLINE
Shape {
	appearance Appearance {
		material Material {
			diffuseColor 1 0 0
			emissiveColor 1 0 0
		}
	}
	geometry IndexedLineSet {
		coord Coordinate {
			point [
				2.81262 1.88656 -0.0155899,
				2.81558 1.87905 -0.0101908,
			]
		}
		coordIndex [
			0, 1, -1
		]
	}
}
#---------- POLYLINE
Shape {
	appearance Appearance {
		material Material {
			diffuseColor 0 1 1
			emissiveColor 0 1 1
		}
	}
	geometry IndexedLineSet {
		coord Coordinate {
			point [
				-0.564551 0.909425 -50,
				-0.564551 0.909425 -1,
				-0.563089 0.907913 -0.722491,
				-0.559816 0.904896 -0.229199,
				-0.553638 0.906616 0.268913,
				-0.549669 0.905625 0.775452,
				-0.548029 0.903422 1,
				-0.524496 0.852073 6,
				-0.522671 0.848091 6.38777,
				-0.522566 0.846789 6.5,
				-0.317902 -0.423304 100,
			]
		}
		coordIndex [
			0, 1, 2, 3, 4, 5, 6, 7, 8, 9, 
			10, -1
		]
	}
}
#---------- POLYLINE
Shape {
	appearance Appearance {
		material Material {
			diffuseColor 1 0 0
			emissiveColor 1 0 0
		}
	}
	geometry IndexedLineSet {
		coord Coordinate {
			point [
				-0.522671 0.848091 6.38777,
				-0.524095 0.845314 6.38914,
			]
		}
		coordIndex [
			0, 1, -1
		]
	}
}
#---------- POLYLINE
Shape {
	appearance Appearance {
		material Material {
			diffuseColor 1 0 0
			emissiveColor 1 0 0
		}
	}
	geometry IndexedLineSet {
		coord Coordinate {
			point [
				-0.549669 0.905625 0.775452,
				-0.541483 0.910001 0.782035,
			]
		}
		coordIndex [
			0, 1, -1
		]
	}
}
#---------- POLYLINE
Shape {
	appearance Appearance {
		material Material {
			diffuseColor 1 0 0
			emissiveColor 1 0 0
		}
	}
	geometry IndexedLineSet {
		coord Coordinate {
			point [
				-0.553638 0.906616 0.268913,
				-0.552472 0.909744 0.270481,
			]
		}
		coordIndex [
			0, 1, -1
		]
	}
}
#---------- POLYLINE
Shape {
	appearance Appearance {
		material Material {
			diffuseColor 1 0 0
			emissiveColor 1 0 0
		}
	}
	geometry IndexedLineSet {
		coord Coordinate {
			point [
				-0.559816 0.904896 -0.229199,
				-0.566849 0.91424 -0.219868,
			]
		}
		coordIndex [
			0, 1, -1
		]
	}
}
#---------- POLYLINE
Shape {
	appearance Appearance {
		material Material {
			diffuseColor 1 0 0
			emissiveColor 1 0 0
		}
	}
	geometry IndexedLineSet {
		coord Coordinate {
			point [
				-0.563089 0.907913 -0.722491,
				-0.562608 0.903791 -0.720434,
			]
		}
		coordIndex [
			0, 1, -1
		]
	}
}
#---------- POLYLINE
Shape {
	appearance Appearance {
		material Material {
			diffuseColor 0 1 1
			emissiveColor 0 1 1
		}
	}
	geometry IndexedLineSet {
		coord Coordinate {
			point [
				-3.90946 0.636024 -50,
				-3.90946 0.636024 -1,
				-3.90946 0.636024 1,
				-3.89993 0.555359 6,
				-3.89953 0.551935 6.21222,
				-3.89856 0.547705 6.5,
				-3.71753 -0.934889 100,
			]
		}
		coordIndex [
			0, 1, 2, 3, 4, 5, 6, -1
		]
	}
}
#---------- POLYLINE
Shape {
	appearance Appearance {
		material Material {
			diffuseColor 1 0 0
			emissiveColor 1 0 0
		}
	}
	geometry IndexedLineSet {
		coord Coordinate {
			point [
				-3.89953 0.551935 6.21222,
				-3.89887 0.547324 6.21456,
			]
		}
		coordIndex [
			0, 1, -1
		]
	}
}
#---------- POLYLINE
Shape {
	appearance Appearance {
		material Material {
			diffuseColor 0 1 1
			emissiveColor 0 1 1
		}
	}
	geometry IndexedLineSet {
		coord Coordinate {
			point [
				-1.92348 -1.13484 -50,
				-1.92348 -1.13484 -1,
				-1.92348 -1.13484 -0.569412,
				-1.92329 -1.13458 -0.528225,
				-1.92288 -1.13395 -0.404633,
				-1.9224 -1.13374 -0.314863,
				-1.92191 -1.1333 -0.170242,
				-1.91878 -1.13311 0.745016,
				-1.919 -1.13407 0.870541,
				-1.91929 -1.13522 1,
				-1.93105 -1.20411 6,
				-1.93222 -1.211 6.5,
				-2.44278 -2.55955 100,
			]
		}
		coordIndex [
			0, 1, 2, 3, 4, 5, 6, 7, 8, 9, 
			10, 11, 12, -1
		]
	}
}
#---------- POLYLINE
Shape {
	appearance Appearance {
		material Material {
			diffuseColor 1 0 0
			emissiveColor 1 0 0
		}
	}
	geometry IndexedLineSet {
		coord Coordinate {
			point [
				-1.919 -1.13407 0.870541,
				-1.91711 -1.1377 0.872587,
			]
		}
		coordIndex [
			0, 1, -1
		]
	}
}
#---------- POLYLINE
Shape {
	appearance Appearance {
		material Material {
			diffuseColor 1 0 0
			emissiveColor 1 0 0
		}
	}
	geometry IndexedLineSet {
		coord Coordinate {
			point [
				-1.92191 -1.1333 -0.170242,
				-1.91593 -1.14045 -0.163685,
			]
		}
		coordIndex [
			0, 1, -1
		]
	}
}
#---------- POLYLINE
Shape {
	appearance Appearance {
		material Material {
			diffuseColor 1 0 0
			emissiveColor 1 0 0
		}
	}
	geometry IndexedLineSet {
		coord Coordinate {
			point [
				-1.9224 -1.13374 -0.314863,
				-1.91948 -1.13188 -0.313238,
			]
		}
		coordIndex [
			0, 1, -1
		]
	}
}
#---------- POLYLINE
Shape {
	appearance Appearance {
		material Material {
			diffuseColor 1 0 0
			emissiveColor 1 0 0
		}
	}
	geometry IndexedLineSet {
		coord Coordinate {
			point [
				-1.92288 -1.13395 -0.404633,
				-1.9191 -1.13317 -0.402759,
			]
		}
		coordIndex [
			0, 1, -1
		]
	}
}
#---------- POLYLINE
Shape {
	appearance Appearance {
		material Material {
			diffuseColor 1 0 0
			emissiveColor 1 0 0
		}
	}
	geometry IndexedLineSet {
		coord Coordinate {
			point [
				-1.92329 -1.13458 -0.528225,
				-1.92509 -1.12973 -0.525409,
			]
		}
		coordIndex [
			0, 1, -1
		]
	}
}
#---------- POLYLINE
Shape {
	appearance Appearance {
		material Material {
			diffuseColor 1 0 0
			emissiveColor 1 0 0
		}
	}
	geometry IndexedLineSet {
		coord Coordinate {
			point [
				-1.92348 -1.13484 -0.569412,
				-1.91792 -1.13061 -0.565172,
			]
		}
		coordIndex [
			0, 1, -1
		]
	}
}
#---------- POLYLINE
Shape {
	appearance Appearance {
		material Material {
			diffuseColor 0 1 1
			emissiveColor 0 1 1
		}
	}
	geometry IndexedLineSet {
		coord Coordinate {
			point [
				-0.734006 3.63274 -50,
				-0.734006 3.63274 -1,
				-0.734006 3.63274 0.414517,
				-0.737724 3.6319 0.606427,
				-0.741901 3.6309 0.799951,
				-0.744186 3.63036 0.898409,
				-0.746968 3.63004 1,
				-0.875663 3.61391 6,
				-0.882921 3.613 6.28199,
				-0.888696 3.61198 6.48847,
				-0.889002 3.61187 6.5,
				-3.34778 2.70614 100,
			]
		}
		coordIndex [
			0, 1, 2, 3, 4, 5, 6, 7, 8, 9, 
			10, 11, -1
		]
	}
}
#---------- POLYLINE
Shape {
	appearance Appearance {
		material Material {
			diffuseColor 1 0 0
			emissiveColor 1 0 0
		}
	}
	geometry IndexedLineSet {
		coord Coordinate {
			point [
				-0.888696 3.61198 6.48847,
				-0.887026 3.60874 6.49023,
			]
		}
		coordIndex [
			0, 1, -1
		]
	}
}
#---------- POLYLINE
Shape {
	appearance Appearance {
		material Material {
			diffuseColor 1 0 0
			emissiveColor 1 0 0
		}
	}
	geometry IndexedLineSet {
		coord Coordinate {
			point [
				-0.882921 3.613 6.28199,
				-0.890238 3.6199 6.28894,
			]
		}
		coordIndex [
			0, 1, -1
		]
	}
}
#---------- POLYLINE
Shape {
	appearance Appearance {
		material Material {
			diffuseColor 1 0 0
			emissiveColor 1 0 0
		}
	}
	geometry IndexedLineSet {
		coord Coordinate {
			point [
				-0.744186 3.63036 0.898409,
				-0.744468 3.61254 0.945764,
				-0.761691 3.59231 0.943715,
				-0.767436 3.5745 0.951116,
			]
		}
		coordIndex [
			0, 1, 2, 3, -1
		]
	}
}
#---------- POLYLINE
Shape {
	appearance Appearance {
		material Material {
			diffuseColor 1 0 0
			emissiveColor 1 0 0
		}
	}
	geometry IndexedLineSet {
		coord Coordinate {
			point [
				-0.737724 3.6319 0.606427,
				-0.731012 3.65376 0.637869,
			]
		}
		coordIndex [
			0, 1, -1
		]
	}
}
#---------- POLYLINE
Shape {
	appearance Appearance {
		material Material {
			diffuseColor 1 0 0
			emissiveColor 1 0 0
		}
	}
	geometry IndexedLineSet {
		coord Coordinate {
			point [
				-0.734006 3.63274 0.414517,
				-0.727898 3.63341 0.418342,
			]
		}
		coordIndex [
			0, 1, -1
		]
	}
}
#---------- POLYLINE
Shape {
	appearance Appearance {
		material Material {
			diffuseColor 0 1 1
			emissiveColor 0 1 1
		}
	}
	geometry IndexedLineSet {
		coord Coordinate {
			point [
				0.853415 -0.43375 -50,
				0.853415 -0.43375 -1,
				0.853415 -0.43375 -0.325627,
				0.853028 -0.433541 -0.253184,
				0.851244 -0.432487 0.0247586,
				0.843588 -0.429117 0.830448,
				0.842755 -0.42807 1,
				0.814379 -0.391952 6,
				0.811541 -0.38834 6.5,
				0.444822 0.859973 100,
			]
		}
		coordIndex [
			0, 1, 2, 3, 4, 5, 6, 7, 8, 9, -1
		]
	}
}
#---------- POLYLINE
Shape {
	appearance Appearance {
		material Material {
			diffuseColor 1 0 0
			emissiveColor 1 0 0
		}
	}
	geometry IndexedLineSet {
		coord Coordinate {
			point [
				0.843588 -0.429117 0.830448,
				0.839973 -0.43442 0.834363,
			]
		}
		coordIndex [
			0, 1, -1
		]
	}
}
#---------- POLYLINE
Shape {
	appearance Appearance {
		material Material {
			diffuseColor 1 0 0
			emissiveColor 1 0 0
		}
	}
	geometry IndexedLineSet {
		coord Coordinate {
			point [
				0.851244 -0.432487 0.0247586,
				0.858305 -0.43166 0.0293208,
			]
		}
		coordIndex [
			0, 1, -1
		]
	}
}
#---------- POLYLINE
Shape {
	appearance Appearance {
		material Material {
			diffuseColor 1 0 0
			emissiveColor 1 0 0
		}
	}
	geometry IndexedLineSet {
		coord Coordinate {
			point [
				0.853028 -0.433541 -0.253184,
				0.845525 -0.436366 -0.247962,
			]
		}
		coordIndex [
			0, 1, -1
		]
	}
}
#---------- POLYLINE
Shape {
	appearance Appearance {
		material Material {
			diffuseColor 1 0 0
			emissiveColor 1 0 0
		}
	}
	geometry IndexedLineSet {
		coord Coordinate {
			point [
				0.853415 -0.43375 -0.325627,
				0.847643 -0.441196 -0.318974,
			]
		}
		coordIndex [
			0, 1, -1
		]
	}
}
#---------- POLYLINE
Shape {
	appearance Appearance {
		material Material {
			diffuseColor 0 1 1
			emissiveColor 0 1 1
		}
	}
	geometry IndexedLineSet {
		coord Coordinate {
			point [
				0.684534 0.962905 -50,
				0.684534 0.962905 -1,
				0.684534 0.962905 -0.832403,
				0.685923 0.965679 0.124736,
				0.685943 0.965698 0.146621,
				0.686012 0.96573 0.207474,
				0.686639 0.965813 0.660706,
				0.687266 0.965417 0.812971,
				0.688089 0.964346 1,
				0.706522 0.940325 6,
				0.706639 0.940173 6.03172,
				0.707198 0.939074 6.22184,
				0.707227 0.938945 6.24452,
				0.707714 0.937262 6.5,
				0.678951 0.0793047 100,
			]
		}
		coordIndex [
			0, 1, 2, 3, 4, 5, 6, 7, 8, 9, 
			10, 11, 12, 13, 14, -1
		]
	}
}
#---------- POLYLINE
Shape {
	appearance Appearance {
		material Material {
			diffuseColor 1 0 0
			emissiveColor 1 0 0
		}
	}
	geometry IndexedLineSet {
		coord Coordinate {
			point [
				0.707227 0.938945 6.24452,
				0.697311 0.943088 6.25259,
			]
		}
		coordIndex [
			0, 1, -1
		]
	}
}
#---------- POLYLINE
Shape {
	appearance Appearance {
		material Material {
			diffuseColor 1 0 0
			emissiveColor 1 0 0
		}
	}
	geometry IndexedLineSet {
		coord Coordinate {
			point [
				0.707198 0.939074 6.22184,
				0.709588 0.935901 6.22377,
			]
		}
		coordIndex [
			0, 1, -1
		]
	}
}
#---------- POLYLINE
Shape {
	appearance Appearance {
		material Material {
			diffuseColor 1 0 0
			emissiveColor 1 0 0
		}
	}
	geometry IndexedLineSet {
		coord Coordinate {
			point [
				0.706639 0.940173 6.03172,
				0.710551 0.944885 6.03529,
			]
		}
		coordIndex [
			0, 1, -1
		]
	}
}
#---------- POLYLINE
Shape {
	appearance Appearance {
		material Material {
			diffuseColor 1 0 0
			emissiveColor 1 0 0
		}
	}
	geometry IndexedLineSet {
		coord Coordinate {
			point [
				0.686639 0.965813 0.660706,
				0.687526 0.969652 0.66269,
			]
		}
		coordIndex [
			0, 1, -1
		]
	}
}
#---------- POLYLINE
Shape {
	appearance Appearance {
		material Material {
			diffuseColor 1 0 0
			emissiveColor 1 0 0
		}
	}
	geometry IndexedLineSet {
		coord Coordinate {
			point [
				0.686012 0.96573 0.207474,
				0.689955 0.971573 0.21188,
			]
		}
		coordIndex [
			0, 1, -1
		]
	}
}
#---------- POLYLINE
Shape {
	appearance Appearance {
		material Material {
			diffuseColor 1 0 0
			emissiveColor 1 0 0
		}
	}
	geometry IndexedLineSet {
		coord Coordinate {
			point [
				0.685923 0.965679 0.124736,
				0.67289 0.962266 0.136295,
			]
		}
		coordIndex [
			0, 1, -1
		]
	}
}
#---------- POLYLINE
Shape {
	appearance Appearance {
		material Material {
			diffuseColor 1 0 0
			emissiveColor 1 0 0
		}
	}
	geometry IndexedLineSet {
		coord Coordinate {
			point [
				0.684534 0.962905 -0.832403,
				0.692301 0.955648 -0.824454,
			]
		}
		coordIndex [
			0, 1, -1
		]
	}
}
#---------- POLYLINE
Shape {
	appearance Appearance {
		material Material {
			diffuseColor 0 1 1
			emissiveColor 0 1 1
		}
	}
	geometry IndexedLineSet {
		coord Coordinate {
			point [
				-3.07901 0.198585 -50,
				-3.07901 0.198585 -1,
				-3.07901 0.198585 -0.523297,
				-3.0794 0.198819 -0.45806,
				-3.08112 0.200776 -0.0668293,
				-3.08131 0.201602 0.00429438,
				-3.08197 0.204042 0.212252,
				-3.08108 0.215465 0.982376,
				-3.08107 0.215697 1,
				-3.07078 0.281472 6,
				-3.07009 0.285907 6.33718,
				-3.06905 0.288312 6.5,
				-2.57623 1.47403 100,
			]
		}
		coordIndex [
			0, 1, 2, 3, 4, 5, 6, 7, 8, 9, 
			10, 11, 12, -1
		]
	}
}
#---------- POLYLINE
Shape {
	appearance Appearance {
		material Material {
			diffuseColor 1 0 0
			emissiveColor 1 0 0
		}
	}
	geometry IndexedLineSet {
		coord Coordinate {
			point [
				-3.07009 0.285907 6.33718,
				-3.06789 0.288608 6.33874,
			]
		}
		coordIndex [
			0, 1, -1
		]
	}
}
#---------- POLYLINE
Shape {
	appearance Appearance {
		material Material {
			diffuseColor 1 0 0
			emissiveColor 1 0 0
		}
	}
	geometry IndexedLineSet {
		coord Coordinate {
			point [
				-3.08108 0.215465 0.982376,
				-3.07713 0.21507 0.984379,
			]
		}
		coordIndex [
			0, 1, -1
		]
	}
}
#---------- POLYLINE
Shape {
	appearance Appearance {
		material Material {
			diffuseColor 1 0 0
			emissiveColor 1 0 0
		}
	}
	geometry IndexedLineSet {
		coord Coordinate {
			point [
				-3.08197 0.204042 0.212252,
				-3.07997 0.201426 0.21384,
			]
		}
		coordIndex [
			0, 1, -1
		]
	}
}
#---------- POLYLINE
Shape {
	appearance Appearance {
		material Material {
			diffuseColor 1 0 0
			emissiveColor 1 0 0
		}
	}
	geometry IndexedLineSet {
		coord Coordinate {
			point [
				-3.08131 0.201602 0.00429438,
				-3.07984 0.205651 0.00645603,
			]
		}
		coordIndex [
			0, 1, -1
		]
	}
}
#---------- POLYLINE
Shape {
	appearance Appearance {
		material Material {
			diffuseColor 1 0 0
			emissiveColor 1 0 0
		}
	}
	geometry IndexedLineSet {
		coord Coordinate {
			point [
				-3.08112 0.200776 -0.0668293,
				-3.08978 0.204894 -0.0600859,
			]
		}
		coordIndex [
			0, 1, -1
		]
	}
}
#---------- POLYLINE
Shape {
	appearance Appearance {
		material Material {
			diffuseColor 1 0 0
			emissiveColor 1 0 0
		}
	}
	geometry IndexedLineSet {
		coord Coordinate {
			point [
				-3.0794 0.198819 -0.45806,
				-3.08674 0.197426 -0.453358,
			]
		}
		coordIndex [
			0, 1, -1
		]
	}
}
#---------- POLYLINE
Shape {
	appearance Appearance {
		material Material {
			diffuseColor 1 0 0
			emissiveColor 1 0 0
		}
	}
	geometry IndexedLineSet {
		coord Coordinate {
			point [
				-3.07901 0.198585 -0.523297,
				-3.07083 0.206482 -0.514448,
			]
		}
		coordIndex [
			0, 1, -1
		]
	}
}
#---------- POLYLINE
Shape {
	appearance Appearance {
		material Material {
			diffuseColor 0 1 1
			emissiveColor 0 1 1
		}
	}
	geometry IndexedLineSet {
		coord Coordinate {
			point [
				-0.0820827 -3.34744 -50,
				-0.0820827 -3.34744 -1,
				-0.0820827 -3.34744 -0.955519,
				-0.0822867 -3.3473 -0.672847,
				-0.0813046 -3.34701 -0.485989,
				-0.0809239 -3.34592 -0.322832,
				-0.0791097 -3.34317 1,
				-0.0651615 -3.33717 6,
				-0.0647892 -3.33701 6.13344,
				-0.063939 -3.3361 6.5,
				0.389817 -3.18356 100,
			]
		}
		coordIndex [
			0, 1, 2, 3, 4, 5, 6, 7, 8, 9, 
			10, -1
		]
	}
}
#---------- POLYLINE
Shape {
	appearance Appearance {
		material Material {
			diffuseColor 1 0 0
			emissiveColor 1 0 0
		}
	}
	geometry IndexedLineSet {
		coord Coordinate {
			point [
				-0.0647892 -3.33701 6.13344,
				-0.0626954 -3.34514 6.13902,
			]
		}
		coordIndex [
			0, 1, -1
		]
	}
}
#---------- POLYLINE
Shape {
	appearance Appearance {
		material Material {
			diffuseColor 1 0 0
			emissiveColor 1 0 0
		}
	}
	geometry IndexedLineSet {
		coord Coordinate {
			point [
				-0.0809239 -3.34592 -0.322832,
				-0.0881414 -3.34318 -0.317814,
			]
		}
		coordIndex [
			0, 1, -1
		]
	}
}
#---------- POLYLINE
Shape {
	appearance Appearance {
		material Material {
			diffuseColor 1 0 0
			emissiveColor 1 0 0
		}
	}
	geometry IndexedLineSet {
		coord Coordinate {
			point [
				-0.0813046 -3.34701 -0.485989,
				-0.0813195 -3.3646 -0.467936,
			]
		}
		coordIndex [
			0, 1, -1
		]
	}
}
#---------- POLYLINE
Shape {
	appearance Appearance {
		material Material {
			diffuseColor 1 0 0
			emissiveColor 1 0 0
		}
	}
	geometry IndexedLineSet {
		coord Coordinate {
			point [
				-0.0822867 -3.3473 -0.672847,
				-0.0944862 -3.36361 -0.634355,
				-0.0893057 -3.34064 -0.634954,
			]
		}
		coordIndex [
			0, 1, 2, -1
		]
	}
}
#---------- POLYLINE
Shape {
	appearance Appearance {
		material Material {
			diffuseColor 1 0 0
			emissiveColor 1 0 0
		}
	}
	geometry IndexedLineSet {
		coord Coordinate {
			point [
				-0.0944862 -3.36361 -0.634355,
				-0.0994096 -3.36202 -0.630997,
			]
		}
		coordIndex [
			0, 1, -1
		]
	}
}
#---------- POLYLINE
Shape {
	appearance Appearance {
		material Material {
			diffuseColor 1 0 0
			emissiveColor 1 0 0
		}
	}
	geometry IndexedLineSet {
		coord Coordinate {
			point [
				-0.0820827 -3.34744 -0.955519,
				-0.0918658 -3.35984 -0.936333,
				-0.111336 -3.37072 -0.926358,
			]
		}
		coordIndex [
			0, 1, 2, -1
		]
	}
}
#---------- POLYLINE
Shape {
	appearance Appearance {
		material Material {
			diffuseColor 0 1 1
			emissiveColor 0 1 1
		}
	}
	geometry IndexedLineSet {
		coord Coordinate {
			point [
				-2.01339 3.14176 -50,
				-2.01339 3.14176 -1,
				-2.01339 3.14176 -0.677325,
				-2.01469 3.1413 -0.481901,
				-2.01529 3.14095 -0.393659,
				-2.01567 3.1407 -0.308616,
				-2.01728 3.13905 0.00998104,
				-2.01935 3.13804 0.285409,
				-2.02381 3.13614 0.947085,
				-2.02392 3.13599 1,
				-2.04285 3.12667 6,
				-2.04405 3.12609 6.3159,
				-2.04408 3.12588 6.36269,
				-2.04409 3.12534 6.5,
				-2.31277 2.70633 100,
			]
		}
		coordIndex [
			0, 1, 2, 3, 4, 5, 6, 7, 8, 9, 
			10, 11, 12, 13, 14, -1
		]
	}
}
#---------- POLYLINE
Shape {
	appearance Appearance {
		material Material {
			diffuseColor 1 0 0
			emissiveColor 1 0 0
		}
	}
	geometry IndexedLineSet {
		coord Coordinate {
			point [
				-2.04408 3.12588 6.36269,
				-2.04853 3.13053 6.36654,
			]
		}
		coordIndex [
			0, 1, -1
		]
	}
}
#---------- POLYLINE
Shape {
	appearance Appearance {
		material Material {
			diffuseColor 1 0 0
			emissiveColor 1 0 0
		}
	}
	geometry IndexedLineSet {
		coord Coordinate {
			point [
				-2.04405 3.12609 6.3159,
				-2.04609 3.12881 6.31751,
			]
		}
		coordIndex [
			0, 1, -1
		]
	}
}
#---------- POLYLINE
Shape {
	appearance Appearance {
		material Material {
			diffuseColor 1 0 0
			emissiveColor 1 0 0
		}
	}
	geometry IndexedLineSet {
		coord Coordinate {
			point [
				-2.02381 3.13614 0.947085,
				-2.02113 3.12619 0.96975,
				-2.02391 3.11482 0.984334,
				-2.02464 3.10679 0.986478,
				-2.02391 3.10532 0.993561,
				-2.02429 3.10282 0.99777,
				-2.02269 3.10215 1,
				-0.526333 0.682034 6,
				-0.525826 0.6817 6.00102,
				-0.524896 0.681866 6.00172,
				-0.523953 0.681881 6.00244,
				-0.523377 0.680677 6.00283,
				-0.523263 0.678979 6.00311,
				-0.523821 0.677295 6.00348,
				-0.524483 0.676538 6.00514,
				-0.526027 0.67652 6.00739,
				-0.5248 0.67986 6.00719,
				-0.527432 0.681746 6.00585,
				-0.528641 0.681402 6.00357,
				-0.528814 0.682121 6.00189,
				-0.529913 0.68232 6.0022,
				-0.530056 0.681418 6.00139,
				-0.530382 0.681027 6.00053,
				-0.530385 0.680902 6.00011,
				-0.530349 0.68089 6.00001,
			]
		}
		coordIndex [
			0, 1, 2, 3, 4, 5, 6, 7, 8, 9, 
			10, 11, 12, 13, 14, 15, 16, 17, 18, 19, 
			20, 21, 22, 23, 24, -1
		]
	}
}
#---------- POLYLINE
Shape {
	appearance Appearance {
		material Material {
			diffuseColor 1 0 0
			emissiveColor 1 0 0
		}
	}
	geometry IndexedLineSet {
		coord Coordinate {
			point [
				-2.01728 3.13905 0.00998104,
				-2.01717 3.13563 0.0115898,
			]
		}
		coordIndex [
			0, 1, -1
		]
	}
}
#---------- POLYLINE
Shape {
	appearance Appearance {
		material Material {
			diffuseColor 1 0 0
			emissiveColor 1 0 0
		}
	}
	geometry IndexedLineSet {
		coord Coordinate {
			point [
				-2.01567 3.1407 -0.308616,
				-2.01169 3.14405 -0.305686,
			]
		}
		coordIndex [
			0, 1, -1
		]
	}
}
#---------- POLYLINE
Shape {
	appearance Appearance {
		material Material {
			diffuseColor 1 0 0
			emissiveColor 1 0 0
		}
	}
	geometry IndexedLineSet {
		coord Coordinate {
			point [
				-2.01529 3.14095 -0.393659,
				-2.01627 3.13792 -0.322145,
				-2.03701 3.16603 -0.301339,
			]
		}
		coordIndex [
			0, 1, 2, -1
		]
	}
}
#---------- POLYLINE
Shape {
	appearance Appearance {
		material Material {
			diffuseColor 1 0 0
			emissiveColor 1 0 0
		}
	}
	geometry IndexedLineSet {
		coord Coordinate {
			point [
				-2.01627 3.13792 -0.322145,
				-2.01364 3.1407 -0.322795,
			]
		}
		coordIndex [
			0, 1, -1
		]
	}
}
#---------- POLYLINE
Shape {
	appearance Appearance {
		material Material {
			diffuseColor 1 0 0
			emissiveColor 1 0 0
		}
	}
	geometry IndexedLineSet {
		coord Coordinate {
			point [
				-2.01339 3.14176 -0.677325,
				-1.99566 3.1613 -0.61523,
			]
		}
		coordIndex [
			0, 1, -1
		]
	}
}
#---------- POLYLINE
Shape {
	appearance Appearance {
		material Material {
			diffuseColor 0 1 1
			emissiveColor 0 1 1
		}
	}
	geometry IndexedLineSet {
		coord Coordinate {
			point [
				-2.49734 -2.63296 -50,
				-2.49734 -2.63296 -1,
				-2.49734 -2.63296 -0.744148,
				-2.49721 -2.63296 -0.696767,
				-2.49642 -2.63319 -0.455151,
				-2.4936 -2.63433 0.123862,
				-2.49376 -2.63147 0.496366,
				-2.49255 -2.62613 1,
				-2.46283 -2.55045 6,
				-2.4606 -2.54478 6.37493,
				-2.46049 -2.54186 6.5,
				-2.368 -0.825777 100,
			]
		}
		coordIndex [
			0, 1, 2, 3, 4, 5, 6, 7, 8, 9, 
			10, 11, -1
		]
	}
}
#---------- POLYLINE
Shape {
	appearance Appearance {
		material Material {
			diffuseColor 1 0 0
			emissiveColor 1 0 0
		}
	}
	geometry IndexedLineSet {
		coord Coordinate {
			point [
				-2.4606 -2.54478 6.37493,
				-2.46429 -2.55031 6.37913,
			]
		}
		coordIndex [
			0, 1, -1
		]
	}
}
#---------- POLYLINE
Shape {
	appearance Appearance {
		material Material {
			diffuseColor 1 0 0
			emissiveColor 1 0 0
		}
	}
	geometry IndexedLineSet {
		coord Coordinate {
			point [
				-2.49376 -2.63147 0.496366,
				-2.49696 -2.6365 0.499958,
			]
		}
		coordIndex [
			0, 1, -1
		]
	}
}
#---------- POLYLINE
Shape {
	appearance Appearance {
		material Material {
			diffuseColor 1 0 0
			emissiveColor 1 0 0
		}
	}
	geometry IndexedLineSet {
		coord Coordinate {
			point [
				-2.4936 -2.63433 0.123862,
				-2.49595 -2.65594 0.151252,
			]
		}
		coordIndex [
			0, 1, -1
		]
	}
}
#---------- POLYLINE
Shape {
	appearance Appearance {
		material Material {
			diffuseColor 1 0 0
			emissiveColor 1 0 0
		}
	}
	geometry IndexedLineSet {
		coord Coordinate {
			point [
				-2.49642 -2.63319 -0.455151,
				-2.51612 -2.63278 -0.433125,
			]
		}
		coordIndex [
			0, 1, -1
		]
	}
}
#---------- POLYLINE
Shape {
	appearance Appearance {
		material Material {
			diffuseColor 1 0 0
			emissiveColor 1 0 0
		}
	}
	geometry IndexedLineSet {
		coord Coordinate {
			point [
				-2.49721 -2.63296 -0.696767,
				-2.49162 -2.6277 -0.691843,
			]
		}
		coordIndex [
			0, 1, -1
		]
	}
}
#---------- POLYLINE
Shape {
	appearance Appearance {
		material Material {
			diffuseColor 1 0 0
			emissiveColor 1 0 0
		}
	}
	geometry IndexedLineSet {
		coord Coordinate {
			point [
				-2.49734 -2.63296 -0.744148,
				-2.4953 -2.62998 -0.742421,
			]
		}
		coordIndex [
			0, 1, -1
		]
	}
}
#---------- POLYLINE
Shape {
	appearance Appearance {
		material Material {
			diffuseColor 0 1 1
			emissiveColor 0 1 1
		}
	}
	geometry IndexedLineSet {
		coord Coordinate {
			point [
				1.09602 1.36667 -50,
				1.09602 1.36667 -1,
				1.09602 1.36667 -0.994445,
				1.09607 1.36679 -0.659972,
				1.09515 1.36628 -0.271769,
				1.0952 1.36629 -0.18785,
				1.09511 1.36638 -0.0816003,
				1.09438 1.36693 0.362835,
				1.09232 1.36707 0.812357,
				1.08992 1.36715 1,
				1.02114 1.36545 6,
				1.01964 1.36541 6.10959,
				1.01382 1.36463 6.5,
				-0.331085 0.640778 100,
			]
		}
		coordIndex [
			0, 1, 2, 3, 4, 5, 6, 7, 8, 9, 
			10, 11, 12, 13, -1
		]
	}
}
#---------- POLYLINE
Shape {
	appearance Appearance {
		material Material {
			diffuseColor 1 0 0
			emissiveColor 1 0 0
		}
	}
	geometry IndexedLineSet {
		coord Coordinate {
			point [
				1.01964 1.36541 6.10959,
				0.994072 1.3693 6.14499,
			]
		}
		coordIndex [
			0, 1, -1
		]
	}
}
#---------- POLYLINE
Shape {
	appearance Appearance {
		material Material {
			diffuseColor 1 0 0
			emissiveColor 1 0 0
		}
	}
	geometry IndexedLineSet {
		coord Coordinate {
			point [
				1.09438 1.36693 0.362835,
				1.08721 1.37949 0.375731,
			]
		}
		coordIndex [
			0, 1, -1
		]
	}
}
#---------- POLYLINE
Shape {
	appearance Appearance {
		material Material {
			diffuseColor 1 0 0
			emissiveColor 1 0 0
		}
	}
	geometry IndexedLineSet {
		coord Coordinate {
			point [
				1.09511 1.36638 -0.0816003,
				1.09918 1.36843 -0.0791955,
			]
		}
		coordIndex [
			0, 1, -1
		]
	}
}
#---------- POLYLINE
Shape {
	appearance Appearance {
		material Material {
			diffuseColor 1 0 0
			emissiveColor 1 0 0
		}
	}
	geometry IndexedLineSet {
		coord Coordinate {
			point [
				1.0952 1.36629 -0.18785,
				1.07934 1.36047 -0.171257,
			]
		}
		coordIndex [
			0, 1, -1
		]
	}
}
#---------- POLYLINE
Shape {
	appearance Appearance {
		material Material {
			diffuseColor 1 0 0
			emissiveColor 1 0 0
		}
	}
	geometry IndexedLineSet {
		coord Coordinate {
			point [
				1.09607 1.36679 -0.659972,
				1.09924 1.36786 -0.658398,
			]
		}
		coordIndex [
			0, 1, -1
		]
	}
}
#---------- POLYLINE
Shape {
	appearance Appearance {
		material Material {
			diffuseColor 1 0 0
			emissiveColor 1 0 0
		}
	}
	geometry IndexedLineSet {
		coord Coordinate {
			point [
				1.09602 1.36667 -0.994445,
				1.09508 1.36833 -0.991677,
				1.09427 1.36949 -0.987349,
				1.09427 1.36991 -0.98088,
				1.09395 1.37361 -0.972859,
			]
		}
		coordIndex [
			0, 1, 2, 3, 4, -1
		]
	}
}
#---------- POLYLINE
Shape {
	appearance Appearance {
		material Material {
			diffuseColor 0 1 1
			emissiveColor 0 1 1
		}
	}
	geometry IndexedLineSet {
		coord Coordinate {
			point [
				2.21907 -2.59592 -50,
				2.21907 -2.59592 -1,
				2.21907 -2.59592 -0.360593,
				2.21967 -2.58291 0.877956,
				2.22003 -2.58119 1,
				2.23995 -2.52114 6,
				2.24011 -2.52066 6.04017,
				2.24026 -2.52014 6.07868,
				2.24029 -2.52002 6.0877,
				2.24098 -2.51749 6.3956,
				2.24119 -2.51699 6.5,
				2.05099 -3.81124 100,
			]
		}
		coordIndex [
			0, 1, 2, 3, 4, 5, 6, 7, 8, 9, 
			10, 11, -1
		]
	}
}
#---------- POLYLINE
Shape {
	appearance Appearance {
		material Material {
			diffuseColor 1 0 0
			emissiveColor 1 0 0
		}
	}
	geometry IndexedLineSet {
		coord Coordinate {
			point [
				2.24098 -2.51749 6.3956,
				2.24171 -2.50878 6.40143,
			]
		}
		coordIndex [
			0, 1, -1
		]
	}
}
#---------- POLYLINE
Shape {
	appearance Appearance {
		material Material {
			diffuseColor 1 0 0
			emissiveColor 1 0 0
		}
	}
	geometry IndexedLineSet {
		coord Coordinate {
			point [
				2.24029 -2.52002 6.0877,
				2.24094 -2.5157 6.08985,
			]
		}
		coordIndex [
			0, 1, -1
		]
	}
}
#---------- POLYLINE
Shape {
	appearance Appearance {
		material Material {
			diffuseColor 1 0 0
			emissiveColor 1 0 0
		}
	}
	geometry IndexedLineSet {
		coord Coordinate {
			point [
				2.24026 -2.52014 6.07868,
				2.23847 -2.51454 6.08193,
			]
		}
		coordIndex [
			0, 1, -1
		]
	}
}
#---------- POLYLINE
Shape {
	appearance Appearance {
		material Material {
			diffuseColor 1 0 0
			emissiveColor 1 0 0
		}
	}
	geometry IndexedLineSet {
		coord Coordinate {
			point [
				2.24011 -2.52066 6.04017,
				2.25115 -2.50766 6.0544,
				2.27115 -2.50048 6.07062,
				2.28571 -2.49341 6.07562,
			]
		}
		coordIndex [
			0, 1, 2, 3, -1
		]
	}
}
#---------- POLYLINE
Shape {
	appearance Appearance {
		material Material {
			diffuseColor 1 0 0
			emissiveColor 1 0 0
		}
	}
	geometry IndexedLineSet {
		coord Coordinate {
			point [
				2.21907 -2.59592 -0.360593,
				2.21923 -2.59949 -0.35883,
			]
		}
		coordIndex [
			0, 1, -1
		]
	}
}
#---------- POLYLINE
Shape {
	appearance Appearance {
		material Material {
			diffuseColor 0 1 1
			emissiveColor 0 1 1
		}
	}
	geometry IndexedLineSet {
		coord Coordinate {
			point [
				2.35347 -2.99673 -50,
				2.35347 -2.99673 -1,
				2.35347 -2.99673 -0.80409,
				2.35358 -2.99425 -0.440191,
				2.35374 -2.9939 -0.409693,
				2.35483 -2.99182 -0.183831,
				2.36251 -2.98439 0.716293,
				2.36485 -2.98145 1,
				2.40005 -2.92268 6,
				2.40098 -2.92113 6.13197,
				2.4014 -2.91962 6.25103,
				2.40259 -2.91698 6.47019,
				2.40267 -2.91673 6.5,
				2.64228 -2.09481 100,
			]
		}
		coordIndex [
			0, 1, 2, 3, 4, 5, 6, 7, 8, 9, 
			10, 11, 12, 13, -1
		]
	}
}
#---------- POLYLINE
Shape {
	appearance Appearance {
		material Material {
			diffuseColor 1 0 0
			emissiveColor 1 0 0
		}
	}
	geometry IndexedLineSet {
		coord Coordinate {
			point [
				2.40259 -2.91698 6.47019,
				2.4024 -2.92181 6.47282,
			]
		}
		coordIndex [
			0, 1, -1
		]
	}
}
#---------- POLYLINE
Shape {
	appearance Appearance {
		material Material {
			diffuseColor 1 0 0
			emissiveColor 1 0 0
		}
	}
	geometry IndexedLineSet {
		coord Coordinate {
			point [
				2.40098 -2.92113 6.13197,
				2.40225 -2.9178 6.13359,
			]
		}
		coordIndex [
			0, 1, -1
		]
	}
}
#---------- POLYLINE
Shape {
	appearance Appearance {
		material Material {
			diffuseColor 1 0 0
			emissiveColor 1 0 0
		}
	}
	geometry IndexedLineSet {
		coord Coordinate {
			point [
				2.36251 -2.98439 0.716293,
				2.35879 -2.98351 0.718222,
			]
		}
		coordIndex [
			0, 1, -1
		]
	}
}
#---------- POLYLINE
Shape {
	appearance Appearance {
		material Material {
			diffuseColor 1 0 0
			emissiveColor 1 0 0
		}
	}
	geometry IndexedLineSet {
		coord Coordinate {
			point [
				2.35483 -2.99182 -0.183831,
				2.34427 -3.00292 -0.169268,
			]
		}
		coordIndex [
			0, 1, -1
		]
	}
}
#---------- POLYLINE
Shape {
	appearance Appearance {
		material Material {
			diffuseColor 1 0 0
			emissiveColor 1 0 0
		}
	}
	geometry IndexedLineSet {
		coord Coordinate {
			point [
				2.35374 -2.9939 -0.409693,
				2.37872 -2.99271 -0.374218,
			]
		}
		coordIndex [
			0, 1, -1
		]
	}
}
#---------- POLYLINE
Shape {
	appearance Appearance {
		material Material {
			diffuseColor 1 0 0
			emissiveColor 1 0 0
		}
	}
	geometry IndexedLineSet {
		coord Coordinate {
			point [
				2.35358 -2.99425 -0.440191,
				2.35403 -2.99763 -0.438536,
			]
		}
		coordIndex [
			0, 1, -1
		]
	}
}
#---------- POLYLINE
Shape {
	appearance Appearance {
		material Material {
			diffuseColor 1 0 0
			emissiveColor 1 0 0
		}
	}
	geometry IndexedLineSet {
		coord Coordinate {
			point [
				2.35347 -2.99673 -0.80409,
				2.35302 -2.99271 -0.80207,
			]
		}
		coordIndex [
			0, 1, -1
		]
	}
}
#---------- POLYLINE
Shape {
	appearance Appearance {
		material Material {
			diffuseColor 0 1 1
			emissiveColor 0 1 1
		}
	}
	geometry IndexedLineSet {
		coord Coordinate {
			point [
				2.55148 0.674175 -50,
				2.55148 0.674175 -1,
				2.55148 0.674175 -0.906125,
				2.54953 0.675535 -0.0799476,
				2.54962 0.675779 -0.0609865,
				2.55283 0.684746 0.625496,
				2.55302 0.690637 0.942098,
				2.55295 0.691747 1,
				2.54067 0.771929 6,
				2.54045 0.773332 6.08754,
				2.5403 0.77697 6.31461,
				2.54069 0.779845 6.5,
				2.85891 2.30711 100,
			]
		}
		coordIndex [
			0, 1, 2, 3, 4, 5, 6, 7, 8, 9, 
			10, 11, 12, -1
		]
	}
}
#---------- POLYLINE
Shape {
	appearance Appearance {
		material Material {
			diffuseColor 1 0 0
			emissiveColor 1 0 0
		}
	}
	geometry IndexedLineSet {
		coord Coordinate {
			point [
				2.5403 0.77697 6.31461,
				2.58513 0.713657 6.37609,
				2.60656 0.69359 6.40758,
			]
		}
		coordIndex [
			0, 1, 2, -1
		]
	}
}
#---------- POLYLINE
Shape {
	appearance Appearance {
		material Material {
			diffuseColor 1 0 0
			emissiveColor 1 0 0
		}
	}
	geometry IndexedLineSet {
		coord Coordinate {
			point [
				2.54045 0.773332 6.08754,
				2.5294 0.755085 6.12866,
				2.47892 0.764527 6.17505,
				2.49323 0.772091 6.21172,
			]
		}
		coordIndex [
			0, 1, 2, 3, -1
		]
	}
}
#---------- POLYLINE
Shape {
	appearance Appearance {
		material Material {
			diffuseColor 1 0 0
			emissiveColor 1 0 0
		}
	}
	geometry IndexedLineSet {
		coord Coordinate {
			point [
				2.55302 0.690637 0.942098,
				2.53703 0.684404 0.959782,
			]
		}
		coordIndex [
			0, 1, -1
		]
	}
}
#---------- POLYLINE
Shape {
	appearance Appearance {
		material Material {
			diffuseColor 1 0 0
			emissiveColor 1 0 0
		}
	}
	geometry IndexedLineSet {
		coord Coordinate {
			point [
				2.55283 0.684746 0.625496,
				2.54611 0.67163 0.639492,
			]
		}
		coordIndex [
			0, 1, -1
		]
	}
}
#---------- POLYLINE
Shape {
	appearance Appearance {
		material Material {
			diffuseColor 1 0 0
			emissiveColor 1 0 0
		}
	}
	geometry IndexedLineSet {
		coord Coordinate {
			point [
				2.54962 0.675779 -0.0609865,
				2.55214 0.6796 -0.0586621,
			]
		}
		coordIndex [
			0, 1, -1
		]
	}
}
#---------- POLYLINE
Shape {
	appearance Appearance {
		material Material {
			diffuseColor 1 0 0
			emissiveColor 1 0 0
		}
	}
	geometry IndexedLineSet {
		coord Coordinate {
			point [
				2.54953 0.675535 -0.0799476,
				2.55292 0.677934 -0.0779039,
			]
		}
		coordIndex [
			0, 1, -1
		]
	}
}
#---------- POLYLINE
Shape {
	appearance Appearance {
		material Material {
			diffuseColor 1 0 0
			emissiveColor 1 0 0
		}
	}
	geometry IndexedLineSet {
		coord Coordinate {
			point [
				2.55148 0.674175 -0.906125,
				2.54952 0.681782 -0.901056,
			]
		}
		coordIndex [
			0, 1, -1
		]
	}
}
#---------- POLYLINE
Shape {
	appearance Appearance {
		material Material {
			diffuseColor 0 1 1
			emissiveColor 0 1 1
		}
	}
	geometry IndexedLineSet {
		coord Coordinate {
			point [
				0.861766 0.607871 -50,
				0.861766 0.607871 -1,
				0.861766 0.607871 -0.55755,
				0.861673 0.60808 -0.424653,
				0.861372 0.6083 -0.37386,
				0.860647 0.609729 -0.123991,
				0.860383 0.6102 0.066382,
				0.861301 0.611864 0.625538,
				0.861218 0.6115 0.776975,
				0.860668 0.611602 0.999424,
				0.860666 0.611602 1,
				0.841175 0.605716 6,
				0.84074 0.605585 6.11167,
				0.840021 0.605994 6.32334,
				0.838932 0.606306 6.5,
				0.361415 1.35973 100,
			]
		}
		coordIndex [
			0, 1, 2, 3, 4, 5, 6, 7, 8, 9, 
			10, 11, 12, 13, 14, 15, -1
		]
	}
}
#---------- POLYLINE
Shape {
	appearance Appearance {
		material Material {
			diffuseColor 1 0 0
			emissiveColor 1 0 0
		}
	}
	geometry IndexedLineSet {
		coord Coordinate {
			point [
				0.840021 0.605994 6.32334,
				0.854227 0.62512 6.35476,
			]
		}
		coordIndex [
			0, 1, -1
		]
	}
}
#---------- POLYLINE
Shape {
	appearance Appearance {
		material Material {
			diffuseColor 1 0 0
			emissiveColor 1 0 0
		}
	}
	geometry IndexedLineSet {
		coord Coordinate {
			point [
				0.84074 0.605585 6.11167,
				0.841902 0.610552 6.11442,
			]
		}
		coordIndex [
			0, 1, -1
		]
	}
}
#---------- POLYLINE
Shape {
	appearance Appearance {
		material Material {
			diffuseColor 1 0 0
			emissiveColor 1 0 0
		}
	}
	geometry IndexedLineSet {
		coord Coordinate {
			point [
				0.860668 0.611602 0.999424,
				0.860221 0.611897 0.999646,
				0.859848 0.612478 0.999578,
				0.859365 0.612863 0.99965,
				0.858908 0.613289 0.999746,
				0.858549 0.613784 0.999526,
				0.858219 0.614105 0.998985,
				0.85801 0.614401 0.998385,
				0.857649 0.61469 0.997505,
				0.856682 0.614349 0.996609,
				0.856189 0.613088 0.995645,
				0.854578 0.611289 0.995154,
				0.854731 0.608893 0.994627,
				0.853979 0.607677 0.995478,
			]
		}
		coordIndex [
			0, 1, 2, 3, 4, 5, 6, 7, 8, 9, 
			10, 11, 12, 13, -1
		]
	}
}
#---------- POLYLINE
Shape {
	appearance Appearance {
		material Material {
			diffuseColor 1 0 0
			emissiveColor 1 0 0
		}
	}
	geometry IndexedLineSet {
		coord Coordinate {
			point [
				0.861218 0.6115 0.776975,
				0.86577 0.598561 0.789012,
			]
		}
		coordIndex [
			0, 1, -1
		]
	}
}
#---------- POLYLINE
Shape {
	appearance Appearance {
		material Material {
			diffuseColor 1 0 0
			emissiveColor 1 0 0
		}
	}
	geometry IndexedLineSet {
		coord Coordinate {
			point [
				0.861301 0.611864 0.625538,
				0.855646 0.586098 0.682139,
			]
		}
		coordIndex [
			0, 1, -1
		]
	}
}
#---------- POLYLINE
Shape {
	appearance Appearance {
		material Material {
			diffuseColor 1 0 0
			emissiveColor 1 0 0
		}
	}
	geometry IndexedLineSet {
		coord Coordinate {
			point [
				0.860383 0.6102 0.066382,
				0.85639 0.602405 0.0724559,
			]
		}
		coordIndex [
			0, 1, -1
		]
	}
}
#---------- POLYLINE
Shape {
	appearance Appearance {
		material Material {
			diffuseColor 1 0 0
			emissiveColor 1 0 0
		}
	}
	geometry IndexedLineSet {
		coord Coordinate {
			point [
				0.861372 0.6083 -0.37386,
				0.858746 0.604956 -0.371671,
			]
		}
		coordIndex [
			0, 1, -1
		]
	}
}
#---------- POLYLINE
Shape {
	appearance Appearance {
		material Material {
			diffuseColor 1 0 0
			emissiveColor 1 0 0
		}
	}
	geometry IndexedLineSet {
		coord Coordinate {
			point [
				0.861673 0.60808 -0.424653,
				0.852611 0.613702 -0.41679,
			]
		}
		coordIndex [
			0, 1, -1
		]
	}
}
#---------- POLYLINE
Shape {
	appearance Appearance {
		material Material {
			diffuseColor 1 0 0
			emissiveColor 1 0 0
		}
	}
	geometry IndexedLineSet {
		coord Coordinate {
			point [
				0.861766 0.607871 -0.55755,
				0.855902 0.60791 -0.554174,
			]
		}
		coordIndex [
			0, 1, -1
		]
	}
}
#---------- POLYLINE
Shape {
	appearance Appearance {
		material Material {
			diffuseColor 0 1 1
			emissiveColor 0 1 1
		}
	}
	geometry IndexedLineSet {
		coord Coordinate {
			point [
				2.01392 -1.46022 -50,
				2.01392 -1.46022 -1,
				2.01564 -1.45954 -0.771357,
				2.01688 -1.45944 -0.617222,
				2.01995 -1.45858 -0.337277,
				2.03001 -1.45788 0.223601,
				2.03263 -1.45776 0.384671,
				2.03292 -1.45785 0.405639,
				2.04053 -1.46043 1,
				2.11742 -1.50635 6,
				2.12299 -1.50968 6.36219,
				2.12513 -1.51163 6.5,
				3.58202 -2.84277 100,
			]
		}
		coordIndex [
			0, 1, 2, 3, 4, 5, 6, 7, 8, 9, 
			10, 11, 12, -1
		]
	}
}
#---------- POLYLINE
Shape {
	appearance Appearance {
		material Material {
			diffuseColor 1 0 0
			emissiveColor 1 0 0
		}
	}
	geometry IndexedLineSet {
		coord Coordinate {
			point [
				2.03292 -1.45785 0.405639,
				2.02431 -1.44333 0.422897,
			]
		}
		coordIndex [
			0, 1, -1
		]
	}
}
#---------- POLYLINE
Shape {
	appearance Appearance {
		material Material {
			diffuseColor 1 0 0
			emissiveColor 1 0 0
		}
	}
	geometry IndexedLineSet {
		coord Coordinate {
			point [
				2.03263 -1.45776 0.384671,
				2.02987 -1.44395 0.397327,
			]
		}
		coordIndex [
			0, 1, -1
		]
	}
}
#---------- POLYLINE
Shape {
	appearance Appearance {
		material Material {
			diffuseColor 1 0 0
			emissiveColor 1 0 0
		}
	}
	geometry IndexedLineSet {
		coord Coordinate {
			point [
				2.01995 -1.45858 -0.337277,
				2.02198 -1.45546 -0.335513,
			]
		}
		coordIndex [
			0, 1, -1
		]
	}
}
#---------- POLYLINE
Shape {
	appearance Appearance {
		material Material {
			diffuseColor 1 0 0
			emissiveColor 1 0 0
		}
	}
	geometry IndexedLineSet {
		coord Coordinate {
			point [
				2.01688 -1.45944 -0.617222,
				2.01338 -1.45644 -0.614786,
			]
		}
		coordIndex [
			0, 1, -1
		]
	}
}
#---------- POLYLINE
Shape {
	appearance Appearance {
		material Material {
			diffuseColor 0 1 1
			emissiveColor 0 1 1
		}
	}
	geometry IndexedLineSet {
		coord Coordinate {
			point [
				-0.475448 1.14544 -50,
				-0.475448 1.14544 -1,
				-0.475448 1.14544 -0.773382,
				-0.465362 1.14442 1,
				-0.387259 1.18634 6,
				-0.379449 1.19053 6.5,
				0.586826 1.40408 100,
			]
		}
		coordIndex [
			0, 1, 2, 3, 4, 5, 6, -1
		]
	}
}
#---------- POLYLINE
Shape {
	appearance Appearance {
		material Material {
			diffuseColor 1 0 0
			emissiveColor 1 0 0
		}
	}
	geometry IndexedLineSet {
		coord Coordinate {
			point [
				-0.475448 1.14544 -0.773382,
				-0.468745 1.13646 -0.764874,
			]
		}
		coordIndex [
			0, 1, -1
		]
	}
}
#---------- POLYLINE
Shape {
	appearance Appearance {
		material Material {
			diffuseColor 0 1 1
			emissiveColor 0 1 1
		}
	}
	geometry IndexedLineSet {
		coord Coordinate {
			point [
				0.0813558 -0.487292 -50,
				0.0813558 -0.487292 -1,
				0.0813558 -0.487292 0.369922,
				0.0816286 -0.48796 0.572911,
				0.0818044 -0.489612 1,
				0.0692876 -0.502501 6,
				0.06872 -0.503086 6.22674,
				0.0686863 -0.503113 6.2342,
				0.0679255 -0.50358 6.39198,
				0.0676563 -0.504067 6.5,
				-0.324796 -0.577574 100,
			]
		}
		coordIndex [
			0, 1, 2, 3, 4, 5, 6, 7, 8, 9, 
			10, -1
		]
	}
}
#---------- POLYLINE
Shape {
	appearance Appearance {
		material Material {
			diffuseColor 1 0 0
			emissiveColor 1 0 0
		}
	}
	geometry IndexedLineSet {
		coord Coordinate {
			point [
				0.0679255 -0.50358 6.39198,
				0.0633677 -0.516987 6.40403,
			]
		}
		coordIndex [
			0, 1, -1
		]
	}
}
#---------- POLYLINE
Shape {
	appearance Appearance {
		material Material {
			diffuseColor 1 0 0
			emissiveColor 1 0 0
		}
	}
	geometry IndexedLineSet {
		coord Coordinate {
			point [
				0.0686863 -0.503113 6.2342,
				0.0660321 -0.516114 6.24509,
			]
		}
		coordIndex [
			0, 1, -1
		]
	}
}
#---------- POLYLINE
Shape {
	appearance Appearance {
		material Material {
			diffuseColor 1 0 0
			emissiveColor 1 0 0
		}
	}
	geometry IndexedLineSet {
		coord Coordinate {
			point [
				0.06872 -0.503086 6.22674,
				0.0686796 -0.507222 6.22878,
			]
		}
		coordIndex [
			0, 1, -1
		]
	}
}
#---------- POLYLINE
Shape {
	appearance Appearance {
		material Material {
			diffuseColor 1 0 0
			emissiveColor 1 0 0
		}
	}
	geometry IndexedLineSet {
		coord Coordinate {
			point [
				0.0816286 -0.48796 0.572911,
				0.0839182 -0.495275 0.577862,
			]
		}
		coordIndex [
			0, 1, -1
		]
	}
}
#---------- POLYLINE
Shape {
	appearance Appearance {
		material Material {
			diffuseColor 1 0 0
			emissiveColor 1 0 0
		}
	}
	geometry IndexedLineSet {
		coord Coordinate {
			point [
				0.0813558 -0.487292 0.369922,
				0.0876671 -0.513343 0.422198,
			]
		}
		coordIndex [
			0, 1, -1
		]
	}
}
#---------- POLYLINE
Shape {
	appearance Appearance {
		material Material {
			diffuseColor 0 1 1
			emissiveColor 0 1 1
		}
	}
	geometry IndexedLineSet {
		coord Coordinate {
			point [
				0.557718 -3.77774 -50,
				0.557718 -3.77774 -1,
				0.557718 -3.77774 -0.914577,
				0.559337 -3.7796 -0.278127,
				0.559584 -3.78087 -0.0209695,
				0.559581 -3.78088 -0.0182121,
				0.558541 -3.78544 0.734113,
				0.559792 -3.7864 0.975523,
				0.55994 -3.7865 1,
				0.587199 -3.81178 6,
				0.588032 -3.81255 6.15273,
				0.590073 -3.81439 6.5,
				1.52095 -4.64763 100,
			]
		}
		coordIndex [
			0, 1, 2, 3, 4, 5, 6, 7, 8, 9, 
			10, 11, 12, -1
		]
	}
}
#---------- POLYLINE
Shape {
	appearance Appearance {
		material Material {
			diffuseColor 1 0 0
			emissiveColor 1 0 0
		}
	}
	geometry IndexedLineSet {
		coord Coordinate {
			point [
				0.588032 -3.81255 6.15273,
				0.597324 -3.82374 6.16521,
			]
		}
		coordIndex [
			0, 1, -1
		]
	}
}
#---------- POLYLINE
Shape {
	appearance Appearance {
		material Material {
			diffuseColor 1 0 0
			emissiveColor 1 0 0
		}
	}
	geometry IndexedLineSet {
		coord Coordinate {
			point [
				0.559792 -3.7864 0.975523,
				0.559199 -3.78002 0.98838,
				0.556656 -3.77386 0.990957,
				0.552808 -3.76837 0.990696,
				0.552857 -3.76154 0.990354,
				0.549137 -3.75466 0.989947,
				0.544627 -3.75058 0.98754,
				0.538571 -3.74742 0.986205,
				0.533307 -3.74252 0.987721,
				0.527078 -3.73956 0.988181,
				0.521557 -3.7374 0.988313,
				0.5146 -3.73588 0.989978,
				0.510099 -3.73907 0.992099,
				0.503506 -3.7412 0.989476,
				0.499586 -3.74462 0.986058,
				0.495072 -3.75088 0.986492,
				0.49373 -3.75763 0.98933,
				0.489609 -3.76225 0.992545,
				0.486485 -3.76763 0.99295,
				0.481308 -3.76899 0.992522,
				0.478666 -3.76294 0.99301,
				0.478549 -3.76289 0.992938,
			]
		}
		coordIndex [
			0, 1, 2, 3, 4, 5, 6, 7, 8, 9, 
			10, 11, 12, 13, 14, 15, 16, 17, 18, 19, 
			20, 21, -1
		]
	}
}
#---------- POLYLINE
Shape {
	appearance Appearance {
		material Material {
			diffuseColor 1 0 0
			emissiveColor 1 0 0
		}
	}
	geometry IndexedLineSet {
		coord Coordinate {
			point [
				0.558541 -3.78544 0.734113,
				0.556588 -3.78895 0.736141,
			]
		}
		coordIndex [
			0, 1, -1
		]
	}
}
#---------- POLYLINE
Shape {
	appearance Appearance {
		material Material {
			diffuseColor 1 0 0
			emissiveColor 1 0 0
		}
	}
	geometry IndexedLineSet {
		coord Coordinate {
			point [
				0.559581 -3.78088 -0.0182121,
				0.575292 -3.78837 -0.000743612,
			]
		}
		coordIndex [
			0, 1, -1
		]
	}
}
#---------- POLYLINE
Shape {
	appearance Appearance {
		material Material {
			diffuseColor 1 0 0
			emissiveColor 1 0 0
		}
	}
	geometry IndexedLineSet {
		coord Coordinate {
			point [
				0.559584 -3.78087 -0.0209695,
				0.56448 -3.78036 -0.0182912,
			]
		}
		coordIndex [
			0, 1, -1
		]
	}
}
#---------- POLYLINE
Shape {
	appearance Appearance {
		material Material {
			diffuseColor 1 0 0
			emissiveColor 1 0 0
		}
	}
	geometry IndexedLineSet {
		coord Coordinate {
			point [
				0.559337 -3.7796 -0.278127,
				0.580178 -3.77392 -0.252101,
			]
		}
		coordIndex [
			0, 1, -1
		]
	}
}
#---------- POLYLINE
Shape {
	appearance Appearance {
		material Material {
			diffuseColor 1 0 0
			emissiveColor 1 0 0
		}
	}
	geometry IndexedLineSet {
		coord Coordinate {
			point [
				0.557718 -3.77774 -0.914577,
				0.551124 -3.78231 -0.909318,
			]
		}
		coordIndex [
			0, 1, -1
		]
	}
}
#---------- POLYLINE
Shape {
	appearance Appearance {
		material Material {
			diffuseColor 0 1 1
			emissiveColor 0 1 1
		}
	}
	geometry IndexedLineSet {
		coord Coordinate {
			point [
				-1.45209 -1.77426 -50,
				-1.45209 -1.77426 -1,
				-1.45209 -1.77426 -0.54874,
				-1.45194 -1.77446 -0.518843,
				-1.4492 -1.77712 -0.0608005,
				-1.44927 -1.77786 0.0858253,
				-1.44886 -1.78101 1,
				-1.43458 -1.78497 6,
				-1.43316 -1.78536 6.5,
				-1.18709 -1.76846 100,
			]
		}
		coordIndex [
			0, 1, 2, 3, 4, 5, 6, 7, 8, 9, -1
		]
	}
}
#---------- POLYLINE
Shape {
	appearance Appearance {
		material Material {
			diffuseColor 1 0 0
			emissiveColor 1 0 0
		}
	}
	geometry IndexedLineSet {
		coord Coordinate {
			point [
				-1.44927 -1.77786 0.0858253,
				-1.45054 -1.77154 0.0897482,
			]
		}
		coordIndex [
			0, 1, -1
		]
	}
}
#---------- POLYLINE
Shape {
	appearance Appearance {
		material Material {
			diffuseColor 1 0 0
			emissiveColor 1 0 0
		}
	}
	geometry IndexedLineSet {
		coord Coordinate {
			point [
				-1.4492 -1.77712 -0.0608005,
				-1.443 -1.78073 -0.0563184,
			]
		}
		coordIndex [
			0, 1, -1
		]
	}
}
#---------- POLYLINE
Shape {
	appearance Appearance {
		material Material {
			diffuseColor 1 0 0
			emissiveColor 1 0 0
		}
	}
	geometry IndexedLineSet {
		coord Coordinate {
			point [
				-1.45194 -1.77446 -0.518843,
				-1.44743 -1.77403 -0.51651,
			]
		}
		coordIndex [
			0, 1, -1
		]
	}
}
#---------- POLYLINE
Shape {
	appearance Appearance {
		material Material {
			diffuseColor 0 1 1
			emissiveColor 0 1 1
		}
	}
	geometry IndexedLineSet {
		coord Coordinate {
			point [
				2.01761 1.13302 -50,
				2.01761 1.13302 -1,
				2.01759 1.13284 -0.955553,
				2.01759 1.13069 -0.63236,
				2.01607 1.13007 -0.151935,
				2.01631 1.13055 0.144444,
				2.01513 1.13214 0.39937,
				2.01073 1.1338 1,
				1.93468 1.10266 6,
				1.93329 1.10209 6.09153,
				1.93297 1.10196 6.11101,
				1.93086 1.10106 6.24081,
				1.92716 1.09978 6.42325,
				1.92556 1.09936 6.5,
				0.00374569 0.617681 100,
			]
		}
		coordIndex [
			0, 1, 2, 3, 4, 5, 6, 7, 8, 9, 
			10, 11, 12, 13, 14, -1
		]
	}
}
#---------- POLYLINE
Shape {
	appearance Appearance {
		material Material {
			diffuseColor 1 0 0
			emissiveColor 1 0 0
		}
	}
	geometry IndexedLineSet {
		coord Coordinate {
			point [
				1.92716 1.09978 6.42325,
				1.92793 1.08026 6.46292,
				1.93851 1.07148 6.48168,
				1.93652 1.06763 6.49216,
				1.93058 1.07057 6.49473,
				1.92314 1.07101 6.49806,
				1.91755 1.07083 6.5,
				-100 -46.5727 40.7675,
			]
		}
		coordIndex [
			0, 1, 2, 3, 4, 5, 6, 7, -1
		]
	}
}
#---------- POLYLINE
Shape {
	appearance Appearance {
		material Material {
			diffuseColor 1 0 0
			emissiveColor 1 0 0
		}
	}
	geometry IndexedLineSet {
		coord Coordinate {
			point [
				1.93086 1.10106 6.24081,
				1.93184 1.09349 6.24562,
			]
		}
		coordIndex [
			0, 1, -1
		]
	}
}
#---------- POLYLINE
Shape {
	appearance Appearance {
		material Material {
			diffuseColor 1 0 0
			emissiveColor 1 0 0
		}
	}
	geometry IndexedLineSet {
		coord Coordinate {
			point [
				1.93297 1.10196 6.11101,
				1.92839 1.09486 6.11643,
			]
		}
		coordIndex [
			0, 1, -1
		]
	}
}
#---------- POLYLINE
Shape {
	appearance Appearance {
		material Material {
			diffuseColor 1 0 0
			emissiveColor 1 0 0
		}
	}
	geometry IndexedLineSet {
		coord Coordinate {
			point [
				1.93329 1.10209 6.09153,
				1.96626 1.07845 6.12431,
				2.01915 1.07548 6.12887,
			]
		}
		coordIndex [
			0, 1, 2, -1
		]
	}
}
#---------- POLYLINE
Shape {
	appearance Appearance {
		material Material {
			diffuseColor 1 0 0
			emissiveColor 1 0 0
		}
	}
	geometry IndexedLineSet {
		coord Coordinate {
			point [
				2.01631 1.13055 0.144444,
				2.01929 1.12884 0.146113,
			]
		}
		coordIndex [
			0, 1, -1
		]
	}
}
#---------- POLYLINE
Shape {
	appearance Appearance {
		material Material {
			diffuseColor 1 0 0
			emissiveColor 1 0 0
		}
	}
	geometry IndexedLineSet {
		coord Coordinate {
			point [
				2.01607 1.13007 -0.151935,
				2.0228 1.12388 -0.145512,
			]
		}
		coordIndex [
			0, 1, -1
		]
	}
}
#---------- POLYLINE
Shape {
	appearance Appearance {
		material Material {
			diffuseColor 1 0 0
			emissiveColor 1 0 0
		}
	}
	geometry IndexedLineSet {
		coord Coordinate {
			point [
				2.01759 1.13069 -0.63236,
				1.99032 1.1332 -0.58076,
			]
		}
		coordIndex [
			0, 1, -1
		]
	}
}
#---------- POLYLINE
Shape {
	appearance Appearance {
		material Material {
			diffuseColor 1 0 0
			emissiveColor 1 0 0
		}
	}
	geometry IndexedLineSet {
		coord Coordinate {
			point [
				2.01759 1.13284 -0.955553,
				2.00176 1.14582 -0.946046,
				2.00044 1.16894 -0.951216,
			]
		}
		coordIndex [
			0, 1, 2, -1
		]
	}
}
#---------- POLYLINE
Shape {
	appearance Appearance {
		material Material {
			diffuseColor 0 1 1
			emissiveColor 0 1 1
		}
	}
	geometry IndexedLineSet {
		coord Coordinate {
			point [
				-2.41832 -1.70261 -50,
				-2.41832 -1.70261 -1,
				-2.41832 -1.70261 -0.888926,
				-2.41828 -1.70272 -0.791119,
				-2.41826 -1.70275 -0.77661,
				-2.41817 -1.70298 -0.656147,
				-2.41778 -1.70344 -0.211163,
				-2.41645 -1.70566 -0.0255842,
				-2.41624 -1.70593 0.00120221,
				-2.41577 -1.70654 0.0508439,
				-2.41442 -1.7081 0.182898,
				-2.41398 -1.70845 0.226026,
				-2.41213 -1.70979 0.398125,
				-2.41207 -1.70979 0.402172,
				-2.40401 -1.71012 1,
				-2.38863 -1.68478 6,
				-2.38709 -1.68224 6.5,
				-2.16522 -2.10816 100,
			]
		}
		coordIndex [
			0, 1, 2, 3, 4, 5, 6, 7, 8, 9, 
			10, 11, 12, 13, 14, 15, 16, 17, -1
		]
	}
}
#---------- POLYLINE
Shape {
	appearance Appearance {
		material Material {
			diffuseColor 1 0 0
			emissiveColor 1 0 0
		}
	}
	geometry IndexedLineSet {
		coord Coordinate {
			point [
				-2.41207 -1.70979 0.402172,
				-2.41379 -1.71363 0.404367,
			]
		}
		coordIndex [
			0, 1, -1
		]
	}
}
#---------- POLYLINE
Shape {
	appearance Appearance {
		material Material {
			diffuseColor 1 0 0
			emissiveColor 1 0 0
		}
	}
	geometry IndexedLineSet {
		coord Coordinate {
			point [
				-2.41213 -1.70979 0.398125,
				-2.41074 -1.72267 0.409028,
			]
		}
		coordIndex [
			0, 1, -1
		]
	}
}
#---------- POLYLINE
Shape {
	appearance Appearance {
		material Material {
			diffuseColor 1 0 0
			emissiveColor 1 0 0
		}
	}
	geometry IndexedLineSet {
		coord Coordinate {
			point [
				-2.41398 -1.70845 0.226026,
				-2.41543 -1.72074 0.236939,
				-2.42404 -1.72171 0.243157,
			]
		}
		coordIndex [
			0, 1, 2, -1
		]
	}
}
#---------- POLYLINE
Shape {
	appearance Appearance {
		material Material {
			diffuseColor 1 0 0
			emissiveColor 1 0 0
		}
	}
	geometry IndexedLineSet {
		coord Coordinate {
			point [
				-2.41442 -1.7081 0.182898,
				-2.4142 -1.71274 0.185317,
			]
		}
		coordIndex [
			0, 1, -1
		]
	}
}
#---------- POLYLINE
Shape {
	appearance Appearance {
		material Material {
			diffuseColor 1 0 0
			emissiveColor 1 0 0
		}
	}
	geometry IndexedLineSet {
		coord Coordinate {
			point [
				-2.41577 -1.70654 0.0508439,
				-2.41762 -1.71027 0.052929,
			]
		}
		coordIndex [
			0, 1, -1
		]
	}
}
#---------- POLYLINE
Shape {
	appearance Appearance {
		material Material {
			diffuseColor 1 0 0
			emissiveColor 1 0 0
		}
	}
	geometry IndexedLineSet {
		coord Coordinate {
			point [
				-2.41624 -1.70593 0.00120221,
				-2.4214 -1.70243 0.00505504,
			]
		}
		coordIndex [
			0, 1, -1
		]
	}
}
#---------- POLYLINE
Shape {
	appearance Appearance {
		material Material {
			diffuseColor 1 0 0
			emissiveColor 1 0 0
		}
	}
	geometry IndexedLineSet {
		coord Coordinate {
			point [
				-2.41645 -1.70566 -0.0255842,
				-2.41585 -1.68332 0.00371504,
			]
		}
		coordIndex [
			0, 1, -1
		]
	}
}
#---------- POLYLINE
Shape {
	appearance Appearance {
		material Material {
			diffuseColor 1 0 0
			emissiveColor 1 0 0
		}
	}
	geometry IndexedLineSet {
		coord Coordinate {
			point [
				-2.41778 -1.70344 -0.211163,
				-2.42043 -1.70767 -0.196515,
				-2.46905 -1.70975 -0.200334,
			]
		}
		coordIndex [
			0, 1, 2, -1
		]
	}
}
#---------- POLYLINE
Shape {
	appearance Appearance {
		material Material {
			diffuseColor 1 0 0
			emissiveColor 1 0 0
		}
	}
	geometry IndexedLineSet {
		coord Coordinate {
			point [
				-2.42043 -1.70767 -0.196515,
				-2.42074 -1.71189 -0.194459,
			]
		}
		coordIndex [
			0, 1, -1
		]
	}
}
#---------- POLYLINE
Shape {
	appearance Appearance {
		material Material {
			diffuseColor 1 0 0
			emissiveColor 1 0 0
		}
	}
	geometry IndexedLineSet {
		coord Coordinate {
			point [
				-2.41826 -1.70275 -0.77661,
				-2.40569 -1.70149 -0.766317,
			]
		}
		coordIndex [
			0, 1, -1
		]
	}
}
#---------- POLYLINE
Shape {
	appearance Appearance {
		material Material {
			diffuseColor 1 0 0
			emissiveColor 1 0 0
		}
	}
	geometry IndexedLineSet {
		coord Coordinate {
			point [
				-2.41828 -1.70272 -0.791119,
				-2.42282 -1.70516 -0.788291,
			]
		}
		coordIndex [
			0, 1, -1
		]
	}
}
#---------- POLYLINE
Shape {
	appearance Appearance {
		material Material {
			diffuseColor 0 1 1
			emissiveColor 0 1 1
		}
	}
	geometry IndexedLineSet {
		coord Coordinate {
			point [
				-1.0403 1.30951 -50,
				-1.0403 1.30951 -1,
				-1.0403 1.30951 -0.570541,
				-1.04071 1.30812 -0.166269,
				-1.04063 1.30795 -0.132183,
				-1.03949 1.30638 0.24585,
				-1.0373 1.30395 0.748337,
				-1.03684 1.30352 0.788854,
				-1.03554 1.3019 0.928331,
				-1.03487 1.3008 1,
				-0.988804 1.21981 6,
				-0.986647 1.21602 6.23408,
				-0.983656 1.21109 6.5,
				0.176127 -0.227696 100,
			]
		}
		coordIndex [
			0, 1, 2, 3, 4, 5, 6, 7, 8, 9, 
			10, 11, 12, 13, -1
		]
	}
}
#---------- POLYLINE
Shape {
	appearance Appearance {
		material Material {
			diffuseColor 1 0 0
			emissiveColor 1 0 0
		}
	}
	geometry IndexedLineSet {
		coord Coordinate {
			point [
				-1.03554 1.3019 0.928331,
				-1.02611 1.31288 0.941648,
			]
		}
		coordIndex [
			0, 1, -1
		]
	}
}
#---------- POLYLINE
Shape {
	appearance Appearance {
		material Material {
			diffuseColor 1 0 0
			emissiveColor 1 0 0
		}
	}
	geometry IndexedLineSet {
		coord Coordinate {
			point [
				-1.03684 1.30352 0.788854,
				-1.03787 1.3255 0.820481,
				-1.01763 1.32817 0.8196,
			]
		}
		coordIndex [
			0, 1, 2, -1
		]
	}
}
#---------- POLYLINE
Shape {
	appearance Appearance {
		material Material {
			diffuseColor 1 0 0
			emissiveColor 1 0 0
		}
	}
	geometry IndexedLineSet {
		coord Coordinate {
			point [
				-1.0373 1.30395 0.748337,
				-1.03458 1.30771 0.75083,
			]
		}
		coordIndex [
			0, 1, -1
		]
	}
}
#---------- POLYLINE
Shape {
	appearance Appearance {
		material Material {
			diffuseColor 1 0 0
			emissiveColor 1 0 0
		}
	}
	geometry IndexedLineSet {
		coord Coordinate {
			point [
				-1.03949 1.30638 0.24585,
				-1.04078 1.28719 0.266652,
			]
		}
		coordIndex [
			0, 1, -1
		]
	}
}
#---------- POLYLINE
Shape {
	appearance Appearance {
		material Material {
			diffuseColor 1 0 0
			emissiveColor 1 0 0
		}
	}
	geometry IndexedLineSet {
		coord Coordinate {
			point [
				-1.04071 1.30812 -0.166269,
				-1.04576 1.30355 -0.162093,
			]
		}
		coordIndex [
			0, 1, -1
		]
	}
}
#---------- POLYLINE
Shape {
	appearance Appearance {
		material Material {
			diffuseColor 1 0 0
			emissiveColor 1 0 0
		}
	}
	geometry IndexedLineSet {
		coord Coordinate {
			point [
				-1.0403 1.30951 -0.570541,
				-1.04113 1.2835 -0.530699,
			]
		}
		coordIndex [
			0, 1, -1
		]
	}
}
#---------- POLYLINE
Shape {
	appearance Appearance {
		material Material {
			diffuseColor 0 1 1
			emissiveColor 0 1 1
		}
	}
	geometry IndexedLineSet {
		coord Coordinate {
			point [
				2.09614 -2.08645 -50,
				2.09614 -2.08645 -1,
				2.09614 -2.08645 -0.756116,
				2.09615 -2.08645 -0.754397,
				2.09623 -2.0863 -0.695065,
				2.09678 -2.08435 -0.239204,
				2.09667 -2.08648 0.200836,
				2.09636 -2.08725 0.369991,
				2.09631 -2.0876 0.404208,
				2.09638 -2.08847 0.483632,
				2.09627 -2.08893 0.532863,
				2.09501 -2.09359 1,
				2.06669 -2.18227 6,
				2.0645 -2.18913 6.38672,
				2.06417 -2.19084 6.5,
				1.82619 -3.73407 100,
			]
		}
		coordIndex [
			0, 1, 2, 3, 4, 5, 6, 7, 8, 9, 
			10, 11, 12, 13, 14, 15, -1
		]
	}
}
#---------- POLYLINE
Shape {
	appearance Appearance {
		material Material {
			diffuseColor 1 0 0
			emissiveColor 1 0 0
		}
	}
	geometry IndexedLineSet {
		coord Coordinate {
			point [
				2.09627 -2.08893 0.532863,
				2.09965 -2.10819 0.554232,
			]
		}
		coordIndex [
			0, 1, -1
		]
	}
}
#---------- POLYLINE
Shape {
	appearance Appearance {
		material Material {
			diffuseColor 1 0 0
			emissiveColor 1 0 0
		}
	}
	geometry IndexedLineSet {
		coord Coordinate {
			point [
				2.09638 -2.08847 0.483632,
				2.09178 -2.09698 0.490498,
			]
		}
		coordIndex [
			0, 1, -1
		]
	}
}
#---------- POLYLINE
Shape {
	appearance Appearance {
		material Material {
			diffuseColor 1 0 0
			emissiveColor 1 0 0
		}
	}
	geometry IndexedLineSet {
		coord Coordinate {
			point [
				2.09631 -2.0876 0.404208,
				2.11123 -2.09878 0.423818,
			]
		}
		coordIndex [
			0, 1, -1
		]
	}
}
#---------- POLYLINE
Shape {
	appearance Appearance {
		material Material {
			diffuseColor 1 0 0
			emissiveColor 1 0 0
		}
	}
	geometry IndexedLineSet {
		coord Coordinate {
			point [
				2.09636 -2.08725 0.369991,
				2.10123 -2.08605 0.372767,
			]
		}
		coordIndex [
			0, 1, -1
		]
	}
}
#---------- POLYLINE
Shape {
	appearance Appearance {
		material Material {
			diffuseColor 1 0 0
			emissiveColor 1 0 0
		}
	}
	geometry IndexedLineSet {
		coord Coordinate {
			point [
				2.09667 -2.08648 0.200836,
				2.10146 -2.08974 0.204186,
			]
		}
		coordIndex [
			0, 1, -1
		]
	}
}
#---------- POLYLINE
Shape {
	appearance Appearance {
		material Material {
			diffuseColor 1 0 0
			emissiveColor 1 0 0
		}
	}
	geometry IndexedLineSet {
		coord Coordinate {
			point [
				2.09678 -2.08435 -0.239204,
				2.08268 -2.08535 -0.226824,
			]
		}
		coordIndex [
			0, 1, -1
		]
	}
}
#---------- POLYLINE
Shape {
	appearance Appearance {
		material Material {
			diffuseColor 1 0 0
			emissiveColor 1 0 0
		}
	}
	geometry IndexedLineSet {
		coord Coordinate {
			point [
				2.09623 -2.0863 -0.695065,
				2.10236 -2.08828 -0.691203,
			]
		}
		coordIndex [
			0, 1, -1
		]
	}
}
#---------- POLYLINE
Shape {
	appearance Appearance {
		material Material {
			diffuseColor 1 0 0
			emissiveColor 1 0 0
		}
	}
	geometry IndexedLineSet {
		coord Coordinate {
			point [
				2.09615 -2.08645 -0.754397,
				2.09864 -2.06096 -0.716566,
			]
		}
		coordIndex [
			0, 1, -1
		]
	}
}
#---------- POLYLINE
Shape {
	appearance Appearance {
		material Material {
			diffuseColor 1 0 0
			emissiveColor 1 0 0
		}
	}
	geometry IndexedLineSet {
		coord Coordinate {
			point [
				2.09614 -2.08645 -0.756116,
				2.09017 -2.09007 -0.751784,
			]
		}
		coordIndex [
			0, 1, -1
		]
	}
}
#---------- POLYLINE
Shape {
	appearance Appearance {
		material Material {
			diffuseColor 0 1 1
			emissiveColor 0 1 1
		}
	}
	geometry IndexedLineSet {
		coord Coordinate {
			point [
				0.639874 2.64823 -50,
				0.639874 2.64823 -1,
				0.639874 2.64823 -0.854323,
				0.639874 2.64699 -0.324281,
				0.640539 2.64755 -0.185434,
				0.640231 2.65292 0.78468,
				0.640108 2.65471 1,
				0.648736 2.69813 6,
				0.64874 2.69814 6.00182,
				0.649326 2.70177 6.41555,
				0.649371 2.70192 6.43249,
				0.649393 2.70198 6.43984,
				0.64957 2.70247 6.5,
				0.771289 3.29809 100,
			]
		}
		coordIndex [
			0, 1, 2, 3, 4, 5, 6, 7, 8, 9, 
			10, 11, 12, 13, -1
		]
	}
}
#---------- POLYLINE
Shape {
	appearance Appearance {
		material Material {
			diffuseColor 1 0 0
			emissiveColor 1 0 0
		}
	}
	geometry IndexedLineSet {
		coord Coordinate {
			point [
				0.649371 2.70192 6.43249,
				0.635847 2.70036 6.44409,
			]
		}
		coordIndex [
			0, 1, -1
		]
	}
}
#---------- POLYLINE
Shape {
	appearance Appearance {
		material Material {
			diffuseColor 1 0 0
			emissiveColor 1 0 0
		}
	}
	geometry IndexedLineSet {
		coord Coordinate {
			point [
				0.649326 2.70177 6.41555,
				0.639087 2.68204 6.44316,
			]
		}
		coordIndex [
			0, 1, -1
		]
	}
}
#---------- POLYLINE
Shape {
	appearance Appearance {
		material Material {
			diffuseColor 1 0 0
			emissiveColor 1 0 0
		}
	}
	geometry IndexedLineSet {
		coord Coordinate {
			point [
				0.640231 2.65292 0.78468,
				0.635996 2.6504 0.7874,
			]
		}
		coordIndex [
			0, 1, -1
		]
	}
}
#---------- POLYLINE
Shape {
	appearance Appearance {
		material Material {
			diffuseColor 1 0 0
			emissiveColor 1 0 0
		}
	}
	geometry IndexedLineSet {
		coord Coordinate {
			point [
				0.640539 2.64755 -0.185434,
				0.657351 2.64178 -0.167176,
			]
		}
		coordIndex [
			0, 1, -1
		]
	}
}
#---------- POLYLINE
Shape {
	appearance Appearance {
		material Material {
			diffuseColor 1 0 0
			emissiveColor 1 0 0
		}
	}
	geometry IndexedLineSet {
		coord Coordinate {
			point [
				0.639874 2.64699 -0.324281,
				0.622079 2.65715 -0.249361,
				0.617141 2.65372 -0.250015,
			]
		}
		coordIndex [
			0, 1, 2, -1
		]
	}
}
#---------- POLYLINE
Shape {
	appearance Appearance {
		material Material {
			diffuseColor 1 0 0
			emissiveColor 1 0 0
		}
	}
	geometry IndexedLineSet {
		coord Coordinate {
			point [
				0.622079 2.65715 -0.249361,
				0.618729 2.66171 -0.250168,
			]
		}
		coordIndex [
			0, 1, -1
		]
	}
}
#---------- POLYLINE
Shape {
	appearance Appearance {
		material Material {
			diffuseColor 1 0 0
			emissiveColor 1 0 0
		}
	}
	geometry IndexedLineSet {
		coord Coordinate {
			point [
				0.639874 2.64823 -0.854323,
				0.627557 2.64945 -0.844338,
			]
		}
		coordIndex [
			0, 1, -1
		]
	}
}
#---------- POLYLINE
Shape {
	appearance Appearance {
		material Material {
			diffuseColor 0 1 1
			emissiveColor 0 1 1
		}
	}
	geometry IndexedLineSet {
		coord Coordinate {
			point [
				1.63198 -1.7219 -50,
				1.63198 -1.7219 -1,
				1.63198 -1.7219 -0.484658,
				1.63341 -1.72251 -0.162999,
				1.63306 -1.72275 0.877121,
				1.63328 -1.72382 1,
				1.65321 -1.77536 6,
				1.6552 -1.78051 6.5,
				1.50262 -2.48227 100,
			]
		}
		coordIndex [
			0, 1, 2, 3, 4, 5, 6, 7, 8, -1
		]
	}
}
#---------- POLYLINE
Shape {
	appearance Appearance {
		material Material {
			diffuseColor 1 0 0
			emissiveColor 1 0 0
		}
	}
	geometry IndexedLineSet {
		coord Coordinate {
			point [
				1.63306 -1.72275 0.877121,
				1.64109 -1.72446 0.882603,
			]
		}
		coordIndex [
			0, 1, -1
		]
	}
}
#---------- POLYLINE
Shape {
	appearance Appearance {
		material Material {
			diffuseColor 1 0 0
			emissiveColor 1 0 0
		}
	}
	geometry IndexedLineSet {
		coord Coordinate {
			point [
				1.63341 -1.72251 -0.162999,
				1.65104 -1.74157 -0.0985452,
			]
		}
		coordIndex [
			0, 1, -1
		]
	}
}
#---------- POLYLINE
Shape {
	appearance Appearance {
		material Material {
			diffuseColor 1 0 0
			emissiveColor 1 0 0
		}
	}
	geometry IndexedLineSet {
		coord Coordinate {
			point [
				1.63198 -1.7219 -0.484658,
				1.63754 -1.71524 -0.478783,
			]
		}
		coordIndex [
			0, 1, -1
		]
	}
}
#---------- POLYLINE
Shape {
	appearance Appearance {
		material Material {
			diffuseColor 0 1 1
			emissiveColor 0 1 1
		}
	}
	geometry IndexedLineSet {
		coord Coordinate {
			point [
				3.67229 1.05159 -50,
				3.67229 1.05159 -1,
				3.67229 1.05159 -0.724698,
				3.67187 1.05173 -0.413254,
				3.67396 1.05313 0.0182343,
				3.67477 1.06913 1,
				3.59854 1.01159 6,
				3.59753 1.01097 6.06765,
				3.59601 1.01042 6.17722,
				3.59129 1.00984 6.5,
				1.96439 0.855846 100,
			]
		}
		coordIndex [
			0, 1, 2, 3, 4, 5, 6, 7, 8, 9, 
			10, -1
		]
	}
}
#---------- POLYLINE
Shape {
	appearance Appearance {
		material Material {
			diffuseColor 1 0 0
			emissiveColor 1 0 0
		}
	}
	geometry IndexedLineSet {
		coord Coordinate {
			point [
				3.59601 1.01042 6.17722,
				3.58984 1.0094 6.18074,
			]
		}
		coordIndex [
			0, 1, -1
		]
	}
}
#---------- POLYLINE
Shape {
	appearance Appearance {
		material Material {
			diffuseColor 1 0 0
			emissiveColor 1 0 0
		}
	}
	geometry IndexedLineSet {
		coord Coordinate {
			point [
				3.59753 1.01097 6.06765,
				3.5919 1.00515 6.07275,
			]
		}
		coordIndex [
			0, 1, -1
		]
	}
}
#---------- POLYLINE
Shape {
	appearance Appearance {
		material Material {
			diffuseColor 1 0 0
			emissiveColor 1 0 0
		}
	}
	geometry IndexedLineSet {
		coord Coordinate {
			point [
				3.67396 1.05313 0.0182343,
				3.6751 1.04935 0.0202875,
			]
		}
		coordIndex [
			0, 1, -1
		]
	}
}
#---------- POLYLINE
Shape {
	appearance Appearance {
		material Material {
			diffuseColor 1 0 0
			emissiveColor 1 0 0
		}
	}
	geometry IndexedLineSet {
		coord Coordinate {
			point [
				3.67229 1.05159 -0.724698,
				3.66879 1.04345 -0.718631,
			]
		}
		coordIndex [
			0, 1, -1
		]
	}
}
#---------- POLYLINE
Shape {
	appearance Appearance {
		material Material {
			diffuseColor 0 1 1
			emissiveColor 0 1 1
		}
	}
	geometry IndexedLineSet {
		coord Coordinate {
			point [
				1.78041 -0.401915 -50,
				1.78041 -0.401915 -1,
				1.78041 -0.401915 -0.85348,
				1.78062 -0.402272 -0.710811,
				1.78081 -0.402579 -0.575777,
				1.78111 -0.40292 -0.517825,
				1.7812 -0.40303 -0.497046,
				1.7823 -0.405292 -0.095365,
				1.78449 -0.416091 0.816226,
				1.78551 -0.419004 1,
				1.81836 -0.473771 6,
				1.81953 -0.475731 6.17893,
				1.82129 -0.479862 6.5,
				1.51352 -1.2638 100,
			]
		}
		coordIndex [
			0, 1, 2, 3, 4, 5, 6, 7, 8, 9, 
			10, 11, 12, 13, -1
		]
	}
}
#---------- POLYLINE
Shape {
	appearance Appearance {
		material Material {
			diffuseColor 1 0 0
			emissiveColor 1 0 0
		}
	}
	geometry IndexedLineSet {
		coord Coordinate {
			point [
				1.81953 -0.475731 6.17893,
				1.81853 -0.481748 6.18236,
			]
		}
		coordIndex [
			0, 1, -1
		]
	}
}
#---------- POLYLINE
Shape {
	appearance Appearance {
		material Material {
			diffuseColor 1 0 0
			emissiveColor 1 0 0
		}
	}
	geometry IndexedLineSet {
		coord Coordinate {
			point [
				1.7823 -0.405292 -0.095365,
				1.80602 -0.393544 -0.038193,
			]
		}
		coordIndex [
			0, 1, -1
		]
	}
}
#---------- POLYLINE
Shape {
	appearance Appearance {
		material Material {
			diffuseColor 1 0 0
			emissiveColor 1 0 0
		}
	}
	geometry IndexedLineSet {
		coord Coordinate {
			point [
				1.7812 -0.40303 -0.497046,
				1.78091 -0.399728 -0.495472,
			]
		}
		coordIndex [
			0, 1, -1
		]
	}
}
#---------- POLYLINE
Shape {
	appearance Appearance {
		material Material {
			diffuseColor 1 0 0
			emissiveColor 1 0 0
		}
	}
	geometry IndexedLineSet {
		coord Coordinate {
			point [
				1.78111 -0.40292 -0.517825,
				1.79083 -0.4028 -0.510915,
			]
		}
		coordIndex [
			0, 1, -1
		]
	}
}
#---------- POLYLINE
Shape {
	appearance Appearance {
		material Material {
			diffuseColor 1 0 0
			emissiveColor 1 0 0
		}
	}
	geometry IndexedLineSet {
		coord Coordinate {
			point [
				1.78081 -0.402579 -0.575777,
				1.77748 -0.403594 -0.574106,
			]
		}
		coordIndex [
			0, 1, -1
		]
	}
}
#---------- POLYLINE
Shape {
	appearance Appearance {
		material Material {
			diffuseColor 1 0 0
			emissiveColor 1 0 0
		}
	}
	geometry IndexedLineSet {
		coord Coordinate {
			point [
				1.78062 -0.402272 -0.710811,
				1.79635 -0.387707 -0.685423,
			]
		}
		coordIndex [
			0, 1, -1
		]
	}
}
#---------- POLYLINE
Shape {
	appearance Appearance {
		material Material {
			diffuseColor 1 0 0
			emissiveColor 1 0 0
		}
	}
	geometry IndexedLineSet {
		coord Coordinate {
			point [
				1.78041 -0.401915 -0.85348,
				1.77639 -0.411713 -0.845626,
			]
		}
		coordIndex [
			0, 1, -1
		]
	}
}
#---------- POLYLINE
Shape {
	appearance Appearance {
		material Material {
			diffuseColor 0 1 1
			emissiveColor 0 1 1
		}
	}
	geometry IndexedLineSet {
		coord Coordinate {
			point [
				-1.91659 -1.5086 -50,
				-1.91659 -1.5086 -1,
				-1.91659 -1.5086 -0.530195,
				-1.9159 -1.51217 -0.114768,
				-1.90972 -1.51634 0.287003,
				-1.90723 -1.52224 0.638119,
				-1.90713 -1.52242 0.648548,
				-1.90381 -1.52876 1,
				-1.87056 -1.65167 6,
				-1.86723 -1.66396 6.5,
				-1.52265 -3.21931 100,
			]
		}
		coordIndex [
			0, 1, 2, 3, 4, 5, 6, 7, 8, 9, 
			10, -1
		]
	}
}
#---------- POLYLINE
Shape {
	appearance Appearance {
		material Material {
			diffuseColor 1 0 0
			emissiveColor 1 0 0
		}
	}
	geometry IndexedLineSet {
		coord Coordinate {
			point [
				-1.90713 -1.52242 0.648548,
				-1.90473 -1.51978 0.650308,
			]
		}
		coordIndex [
			0, 1, -1
		]
	}
}
#---------- POLYLINE
Shape {
	appearance Appearance {
		material Material {
			diffuseColor 1 0 0
			emissiveColor 1 0 0
		}
	}
	geometry IndexedLineSet {
		coord Coordinate {
			point [
				-1.90723 -1.52224 0.638119,
				-1.88698 -1.53324 0.667088,
			]
		}
		coordIndex [
			0, 1, -1
		]
	}
}
#---------- POLYLINE
Shape {
	appearance Appearance {
		material Material {
			diffuseColor 1 0 0
			emissiveColor 1 0 0
		}
	}
	geometry IndexedLineSet {
		coord Coordinate {
			point [
				-1.90972 -1.51634 0.287003,
				-1.91213 -1.51909 0.288745,
			]
		}
		coordIndex [
			0, 1, -1
		]
	}
}
#---------- POLYLINE
Shape {
	appearance Appearance {
		material Material {
			diffuseColor 1 0 0
			emissiveColor 1 0 0
		}
	}
	geometry IndexedLineSet {
		coord Coordinate {
			point [
				-1.9159 -1.51217 -0.114768,
				-1.91267 -1.51313 -0.113208,
			]
		}
		coordIndex [
			0, 1, -1
		]
	}
}
#---------- POLYLINE
Shape {
	appearance Appearance {
		material Material {
			diffuseColor 1 0 0
			emissiveColor 1 0 0
		}
	}
	geometry IndexedLineSet {
		coord Coordinate {
			point [
				-1.91659 -1.5086 -0.530195,
				-1.9317 -1.51207 -0.443033,
			]
		}
		coordIndex [
			0, 1, -1
		]
	}
}
#---------- POLYLINE
Shape {
	appearance Appearance {
		material Material {
			diffuseColor 0 1 1
			emissiveColor 0 1 1
		}
	}
	geometry IndexedLineSet {
		coord Coordinate {
			point [
				3.55497 -0.307871 -50,
				3.55497 -0.307871 -1,
				3.55497 -0.307871 -0.622367,
				3.55502 -0.308094 -0.491748,
				3.55626 -0.31627 0.67212,
				3.55638 -0.316737 0.712714,
				3.55708 -0.319583 1,
				3.5816 -0.37995 6,
				3.58235 -0.381813 6.15429,
				3.58299 -0.382972 6.29865,
				3.58335 -0.38379 6.41511,
				3.5837 -0.384533 6.5,
				3.99429 -1.22276 100,
			]
		}
		coordIndex [
			0, 1, 2, 3, 4, 5, 6, 7, 8, 9, 
			10, 11, 12, -1
		]
	}
}
#---------- POLYLINE
Shape {
	appearance Appearance {
		material Material {
			diffuseColor 1 0 0
			emissiveColor 1 0 0
		}
	}
	geometry IndexedLineSet {
		coord Coordinate {
			point [
				3.58335 -0.38379 6.41511,
				3.5886 -0.398877 6.42953,
			]
		}
		coordIndex [
			0, 1, -1
		]
	}
}
#---------- POLYLINE
Shape {
	appearance Appearance {
		material Material {
			diffuseColor 1 0 0
			emissiveColor 1 0 0
		}
	}
	geometry IndexedLineSet {
		coord Coordinate {
			point [
				3.58235 -0.381813 6.15429,
				3.59482 -0.378559 6.16471,
			]
		}
		coordIndex [
			0, 1, -1
		]
	}
}
#---------- POLYLINE
Shape {
	appearance Appearance {
		material Material {
			diffuseColor 1 0 0
			emissiveColor 1 0 0
		}
	}
	geometry IndexedLineSet {
		coord Coordinate {
			point [
				3.55638 -0.316737 0.712714,
				3.56027 -0.313681 0.715445,
			]
		}
		coordIndex [
			0, 1, -1
		]
	}
}
#---------- POLYLINE
Shape {
	appearance Appearance {
		material Material {
			diffuseColor 1 0 0
			emissiveColor 1 0 0
		}
	}
	geometry IndexedLineSet {
		coord Coordinate {
			point [
				3.55626 -0.31627 0.67212,
				3.56467 -0.313598 0.67825,
			]
		}
		coordIndex [
			0, 1, -1
		]
	}
}
#---------- POLYLINE
Shape {
	appearance Appearance {
		material Material {
			diffuseColor 1 0 0
			emissiveColor 1 0 0
		}
	}
	geometry IndexedLineSet {
		coord Coordinate {
			point [
				3.55502 -0.308094 -0.491748,
				3.54912 -0.31111 -0.487752,
			]
		}
		coordIndex [
			0, 1, -1
		]
	}
}
#---------- POLYLINE
Shape {
	appearance Appearance {
		material Material {
			diffuseColor 1 0 0
			emissiveColor 1 0 0
		}
	}
	geometry IndexedLineSet {
		coord Coordinate {
			point [
				3.55497 -0.307871 -0.622367,
				3.55811 -0.309786 -0.620595,
			]
		}
		coordIndex [
			0, 1, -1
		]
	}
}
#---------- POLYLINE
Shape {
	appearance Appearance {
		material Material {
			diffuseColor 0 1 1
			emissiveColor 0 1 1
		}
	}
	geometry IndexedLineSet {
		coord Coordinate {
			point [
				1.14532 -0.000903028 -50,
				1.14532 -0.000903028 -1,
				1.14532 -0.000903028 -0.0235947,
				1.14302 -0.000612947 0.283193,
				1.13683 -0.000326955 0.89839,
				1.13634 -0.000145429 0.926526,
				1.13563 0.000109478 0.967707,
				1.1351 0.000213983 1,
				1.05225 0.00891914 6,
				1.04817 0.00934765 6.24612,
				1.04705 0.00913455 6.34675,
				1.04547 0.00881277 6.5,
				0.0771329 -0.470702 100,
			]
		}
		coordIndex [
			0, 1, 2, 3, 4, 5, 6, 7, 8, 9, 
			10, 11, 12, -1
		]
	}
}
#---------- POLYLINE
Shape {
	appearance Appearance {
		material Material {
			diffuseColor 1 0 0
			emissiveColor 1 0 0
		}
	}
	geometry IndexedLineSet {
		coord Coordinate {
			point [
				1.04705 0.00913455 6.34675,
				1.04648 0.0124729 6.34833,
			]
		}
		coordIndex [
			0, 1, -1
		]
	}
}
#---------- POLYLINE
Shape {
	appearance Appearance {
		material Material {
			diffuseColor 1 0 0
			emissiveColor 1 0 0
		}
	}
	geometry IndexedLineSet {
		coord Coordinate {
			point [
				1.04817 0.00934765 6.24612,
				1.05075 0.00593493 6.24832,
			]
		}
		coordIndex [
			0, 1, -1
		]
	}
}
#---------- POLYLINE
Shape {
	appearance Appearance {
		material Material {
			diffuseColor 1 0 0
			emissiveColor 1 0 0
		}
	}
	geometry IndexedLineSet {
		coord Coordinate {
			point [
				1.13563 0.000109478 0.967707,
				1.13251 0.00228556 0.969519,
			]
		}
		coordIndex [
			0, 1, -1
		]
	}
}
#---------- POLYLINE
Shape {
	appearance Appearance {
		material Material {
			diffuseColor 1 0 0
			emissiveColor 1 0 0
		}
	}
	geometry IndexedLineSet {
		coord Coordinate {
			point [
				1.13634 -0.000145429 0.926526,
				1.12952 -0.0123146 0.938773,
			]
		}
		coordIndex [
			0, 1, -1
		]
	}
}
#---------- POLYLINE
Shape {
	appearance Appearance {
		material Material {
			diffuseColor 1 0 0
			emissiveColor 1 0 0
		}
	}
	geometry IndexedLineSet {
		coord Coordinate {
			point [
				1.13683 -0.000326955 0.89839,
				1.13697 -0.0152165 0.912323,
			]
		}
		coordIndex [
			0, 1, -1
		]
	}
}
#---------- POLYLINE
Shape {
	appearance Appearance {
		material Material {
			diffuseColor 1 0 0
			emissiveColor 1 0 0
		}
	}
	geometry IndexedLineSet {
		coord Coordinate {
			point [
				1.14302 -0.000612947 0.283193,
				1.1279 -0.00228339 0.296882,
			]
		}
		coordIndex [
			0, 1, -1
		]
	}
}
#---------- POLYLINE
Shape {
	appearance Appearance {
		material Material {
			diffuseColor 1 0 0
			emissiveColor 1 0 0
		}
	}
	geometry IndexedLineSet {
		coord Coordinate {
			point [
				1.14532 -0.000903028 -0.0235947,
				1.14784 0.00222819 -0.0215547,
			]
		}
		coordIndex [
			0, 1, -1
		]
	}
}
#---------- POLYLINE
Shape {
	appearance Appearance {
		material Material {
			diffuseColor 0 1 1
			emissiveColor 0 1 1
		}
	}
	geometry IndexedLineSet {
		coord Coordinate {
			point [
				-0.365798 -3.428 -50,
				-0.365798 -3.428 -1,
				-0.365798 -3.428 -0.659702,
				-0.365796 -3.42799 -0.617137,
				-0.366634 -3.42798 0.131946,
				-0.367821 -3.42893 0.301276,
				-0.368867 -3.42961 0.439013,
				-0.368953 -3.42965 0.44817,
				-0.373152 -3.43169 0.888589,
				-0.375215 -3.43184 1,
				-0.457582 -3.44323 6,
				-0.465588 -3.44433 6.486,
				-0.465702 -3.44435 6.5,
				-1.16561 -3.54473 100,
			]
		}
		coordIndex [
			0, 1, 2, 3, 4, 5, 6, 7, 8, 9, 
			10, 11, 12, 13, -1
		]
	}
}
#---------- POLYLINE
Shape {
	appearance Appearance {
		material Material {
			diffuseColor 1 0 0
			emissiveColor 1 0 0
		}
	}
	geometry IndexedLineSet {
		coord Coordinate {
			point [
				-0.465588 -3.44433 6.486,
				-0.458371 -3.44663 6.48632,
				-0.459269 -3.44799 6.48359,
			]
		}
		coordIndex [
			0, 1, 2, -1
		]
	}
}
#---------- POLYLINE
Shape {
	appearance Appearance {
		material Material {
			diffuseColor 1 0 0
			emissiveColor 1 0 0
		}
	}
	geometry IndexedLineSet {
		coord Coordinate {
			point [
				-0.368953 -3.42965 0.44817,
				-0.368875 -3.42289 0.452391,
			]
		}
		coordIndex [
			0, 1, -1
		]
	}
}
#---------- POLYLINE
Shape {
	appearance Appearance {
		material Material {
			diffuseColor 1 0 0
			emissiveColor 1 0 0
		}
	}
	geometry IndexedLineSet {
		coord Coordinate {
			point [
				-0.368867 -3.42961 0.439013,
				-0.358698 -3.44253 0.455169,
			]
		}
		coordIndex [
			0, 1, -1
		]
	}
}
#---------- POLYLINE
Shape {
	appearance Appearance {
		material Material {
			diffuseColor 1 0 0
			emissiveColor 1 0 0
		}
	}
	geometry IndexedLineSet {
		coord Coordinate {
			point [
				-0.367821 -3.42893 0.301276,
				-0.364269 -3.4309 0.303352,
			]
		}
		coordIndex [
			0, 1, -1
		]
	}
}
#---------- POLYLINE
Shape {
	appearance Appearance {
		material Material {
			diffuseColor 1 0 0
			emissiveColor 1 0 0
		}
	}
	geometry IndexedLineSet {
		coord Coordinate {
			point [
				-0.366634 -3.42798 0.131946,
				-0.369885 -3.42126 0.13676,
			]
		}
		coordIndex [
			0, 1, -1
		]
	}
}
#---------- POLYLINE
Shape {
	appearance Appearance {
		material Material {
			diffuseColor 1 0 0
			emissiveColor 1 0 0
		}
	}
	geometry IndexedLineSet {
		coord Coordinate {
			point [
				-0.365796 -3.42799 -0.617137,
				-0.379307 -3.40616 -0.57836,
			]
		}
		coordIndex [
			0, 1, -1
		]
	}
}
#---------- POLYLINE
Shape {
	appearance Appearance {
		material Material {
			diffuseColor 1 0 0
			emissiveColor 1 0 0
		}
	}
	geometry IndexedLineSet {
		coord Coordinate {
			point [
				-0.365798 -3.428 -0.659702,
				-0.369039 -3.42633 -0.657945,
			]
		}
		coordIndex [
			0, 1, -1
		]
	}
}
#---------- POLYLINE
Shape {
	appearance Appearance {
		material Material {
			diffuseColor 0 1 1
			emissiveColor 0 1 1
		}
	}
	geometry IndexedLineSet {
		coord Coordinate {
			point [
				0.114794 -1.48887 -50,
				0.114794 -1.48887 -1,
				0.114794 -1.48887 -0.911906,
				0.115669 -1.48791 -0.400518,
				0.119796 -1.48929 0.0169705,
				0.120114 -1.4898 0.113737,
				0.120748 -1.49136 0.269667,
				0.121692 -1.49317 0.445651,
				0.124227 -1.49878 0.969948,
				0.124371 -1.4989 1,
				0.148378 -1.51873 6,
				0.149304 -1.5195 6.19285,
				0.14961 -1.52056 6.43405,
				0.149696 -1.52099 6.5,
				0.299978 -2.05453 100,
			]
		}
		coordIndex [
			0, 1, 2, 3, 4, 5, 6, 7, 8, 9, 
			10, 11, 12, 13, 14, -1
		]
	}
}
#---------- POLYLINE
Shape {
	appearance Appearance {
		material Material {
			diffuseColor 1 0 0
			emissiveColor 1 0 0
		}
	}
	geometry IndexedLineSet {
		coord Coordinate {
			point [
				0.14961 -1.52056 6.43405,
				0.157361 -1.52151 6.43906,
			]
		}
		coordIndex [
			0, 1, -1
		]
	}
}
#---------- POLYLINE
Shape {
	appearance Appearance {
		material Material {
			diffuseColor 1 0 0
			emissiveColor 1 0 0
		}
	}
	geometry IndexedLineSet {
		coord Coordinate {
			point [
				0.149304 -1.5195 6.19285,
				0.143677 -1.52341 6.19701,
			]
		}
		coordIndex [
			0, 1, -1
		]
	}
}
#---------- POLYLINE
Shape {
	appearance Appearance {
		material Material {
			diffuseColor 1 0 0
			emissiveColor 1 0 0
		}
	}
	geometry IndexedLineSet {
		coord Coordinate {
			point [
				0.121692 -1.49317 0.445651,
				0.125043 -1.49148 0.447503,
			]
		}
		coordIndex [
			0, 1, -1
		]
	}
}
#---------- POLYLINE
Shape {
	appearance Appearance {
		material Material {
			diffuseColor 1 0 0
			emissiveColor 1 0 0
		}
	}
	geometry IndexedLineSet {
		coord Coordinate {
			point [
				0.120748 -1.49136 0.269667,
				0.123742 -1.48837 0.271862,
			]
		}
		coordIndex [
			0, 1, -1
		]
	}
}
#---------- POLYLINE
Shape {
	appearance Appearance {
		material Material {
			diffuseColor 1 0 0
			emissiveColor 1 0 0
		}
	}
	geometry IndexedLineSet {
		coord Coordinate {
			point [
				0.120114 -1.4898 0.113737,
				0.100836 -1.49208 0.135323,
			]
		}
		coordIndex [
			0, 1, -1
		]
	}
}
#---------- POLYLINE
Shape {
	appearance Appearance {
		material Material {
			diffuseColor 1 0 0
			emissiveColor 1 0 0
		}
	}
	geometry IndexedLineSet {
		coord Coordinate {
			point [
				0.119796 -1.48929 0.0169705,
				0.123427 -1.49373 0.0202216,
			]
		}
		coordIndex [
			0, 1, -1
		]
	}
}
#---------- POLYLINE
Shape {
	appearance Appearance {
		material Material {
			diffuseColor 1 0 0
			emissiveColor 1 0 0
		}
	}
	geometry IndexedLineSet {
		coord Coordinate {
			point [
				0.115669 -1.48791 -0.400518,
				0.116714 -1.49541 -0.395702,
			]
		}
		coordIndex [
			0, 1, -1
		]
	}
}
#---------- POLYLINE
Shape {
	appearance Appearance {
		material Material {
			diffuseColor 1 0 0
			emissiveColor 1 0 0
		}
	}
	geometry IndexedLineSet {
		coord Coordinate {
			point [
				0.114794 -1.48887 -0.911906,
				0.0767768 -1.4996 -0.875906,
				0.0517103 -1.50545 -0.847489,
			]
		}
		coordIndex [
			0, 1, 2, -1
		]
	}
}
#---------- POLYLINE
Shape {
	appearance Appearance {
		material Material {
			diffuseColor 0 1 1
			emissiveColor 0 1 1
		}
	}
	geometry IndexedLineSet {
		coord Coordinate {
			point [
				2.01621 -0.237606 -50,
				2.01621 -0.237606 -1,
				2.01621 -0.237606 -0.845959,
				2.01629 -0.237686 -0.763411,
				2.01659 -0.238133 -0.599633,
				2.02239 -0.240986 0.0428372,
				2.0238 -0.241882 0.197737,
				2.0256 -0.242588 0.41697,
				2.03034 -0.245284 1,
				2.05787 -0.269564 6,
				2.06062 -0.271992 6.5,
				2.52851 -0.434555 100,
			]
		}
		coordIndex [
			0, 1, 2, 3, 4, 5, 6, 7, 8, 9, 
			10, 11, -1
		]
	}
}
#---------- POLYLINE
Shape {
	appearance Appearance {
		material Material {
			diffuseColor 1 0 0
			emissiveColor 1 0 0
		}
	}
	geometry IndexedLineSet {
		coord Coordinate {
			point [
				2.0256 -0.242588 0.41697,
				2.02234 -0.249263 0.421738,
			]
		}
		coordIndex [
			0, 1, -1
		]
	}
}
#---------- POLYLINE
Shape {
	appearance Appearance {
		material Material {
			diffuseColor 1 0 0
			emissiveColor 1 0 0
		}
	}
	geometry IndexedLineSet {
		coord Coordinate {
			point [
				2.02239 -0.240986 0.0428372,
				2.01918 -0.248171 0.0479817,
			]
		}
		coordIndex [
			0, 1, -1
		]
	}
}
#---------- POLYLINE
Shape {
	appearance Appearance {
		material Material {
			diffuseColor 1 0 0
			emissiveColor 1 0 0
		}
	}
	geometry IndexedLineSet {
		coord Coordinate {
			point [
				2.01659 -0.238133 -0.599633,
				2.01156 -0.225974 -0.58857,
			]
		}
		coordIndex [
			0, 1, -1
		]
	}
}
#---------- POLYLINE
Shape {
	appearance Appearance {
		material Material {
			diffuseColor 1 0 0
			emissiveColor 1 0 0
		}
	}
	geometry IndexedLineSet {
		coord Coordinate {
			point [
				2.01629 -0.237686 -0.763411,
				2.01868 -0.243241 -0.759914,
			]
		}
		coordIndex [
			0, 1, -1
		]
	}
}
#---------- POLYLINE
Shape {
	appearance Appearance {
		material Material {
			diffuseColor 1 0 0
			emissiveColor 1 0 0
		}
	}
	geometry IndexedLineSet {
		coord Coordinate {
			point [
				2.01621 -0.237606 -0.845959,
				2.02084 -0.242367 -0.841942,
			]
		}
		coordIndex [
			0, 1, -1
		]
	}
}
#---------- POLYLINE
Shape {
	appearance Appearance {
		material Material {
			diffuseColor 0 1 1
			emissiveColor 0 1 1
		}
	}
	geometry IndexedLineSet {
		coord Coordinate {
			point [
				-0.123356 -2.48011 -50,
				-0.123356 -2.48011 -1,
				-0.123356 -2.48011 -0.84194,
				-0.122272 -2.47841 -0.359702,
				-0.122842 -2.47072 0.266198,
				-0.122924 -2.4697 0.438132,
				-0.123382 -2.46802 1,
				-0.113886 -2.43034 6,
				-0.113614 -2.42926 6.14351,
				-0.11351 -2.42586 6.4981,
				-0.113513 -2.42583 6.5,
				-0.256317 -1.06727 100,
			]
		}
		coordIndex [
			0, 1, 2, 3, 4, 5, 6, 7, 8, 9, 
			10, 11, -1
		]
	}
}
#---------- POLYLINE
Shape {
	appearance Appearance {
		material Material {
			diffuseColor 1 0 0
			emissiveColor 1 0 0
		}
	}
	geometry IndexedLineSet {
		coord Coordinate {
			point [
				-0.11351 -2.42586 6.4981,
				-0.114365 -2.42566 6.4989,
				-0.115374 -2.42561 6.4994,
				-0.116414 -2.42547 6.49969,
				-0.117409 -2.42528 6.5,
				-100 50.7542 77.3988,
			]
		}
		coordIndex [
			0, 1, 2, 3, 4, 5, -1
		]
	}
}
#---------- POLYLINE
Shape {
	appearance Appearance {
		material Material {
			diffuseColor 1 0 0
			emissiveColor 1 0 0
		}
	}
	geometry IndexedLineSet {
		coord Coordinate {
			point [
				-0.113614 -2.42926 6.14351,
				-0.115696 -2.42604 6.14534,
			]
		}
		coordIndex [
			0, 1, -1
		]
	}
}
#---------- POLYLINE
Shape {
	appearance Appearance {
		material Material {
			diffuseColor 1 0 0
			emissiveColor 1 0 0
		}
	}
	geometry IndexedLineSet {
		coord Coordinate {
			point [
				-0.122924 -2.4697 0.438132,
				-0.126468 -2.46231 0.443579,
			]
		}
		coordIndex [
			0, 1, -1
		]
	}
}
#---------- POLYLINE
Shape {
	appearance Appearance {
		material Material {
			diffuseColor 1 0 0
			emissiveColor 1 0 0
		}
	}
	geometry IndexedLineSet {
		coord Coordinate {
			point [
				-0.122842 -2.47072 0.266198,
				-0.106706 -2.46502 0.283223,
			]
		}
		coordIndex [
			0, 1, -1
		]
	}
}
#---------- POLYLINE
Shape {
	appearance Appearance {
		material Material {
			diffuseColor 1 0 0
			emissiveColor 1 0 0
		}
	}
	geometry IndexedLineSet {
		coord Coordinate {
			point [
				-0.122272 -2.47841 -0.359702,
				-0.116976 -2.47909 -0.356707,
			]
		}
		coordIndex [
			0, 1, -1
		]
	}
}
#---------- POLYLINE
Shape {
	appearance Appearance {
		material Material {
			diffuseColor 1 0 0
			emissiveColor 1 0 0
		}
	}
	geometry IndexedLineSet {
		coord Coordinate {
			point [
				-0.123356 -2.48011 -0.84194,
				-0.11773 -2.48385 -0.837824,
			]
		}
		coordIndex [
			0, 1, -1
		]
	}
}
#---------- POLYLINE
Shape {
	appearance Appearance {
		material Material {
			diffuseColor 0 1 1
			emissiveColor 0 1 1
		}
	}
	geometry IndexedLineSet {
		coord Coordinate {
			point [
				1.21755 -0.249221 -50,
				1.21755 -0.249221 -1,
				1.21755 -0.249221 -0.148797,
				1.21952 -0.237376 0.856182,
				1.21815 -0.237045 1,
				1.16537 -0.214597 6,
				1.16009 -0.212352 6.5,
				0.111779 0.245622 100,
			]
		}
		coordIndex [
			0, 1, 2, 3, 4, 5, 6, 7, -1
		]
	}
}
#---------- POLYLINE
Shape {
	appearance Appearance {
		material Material {
			diffuseColor 1 0 0
			emissiveColor 1 0 0
		}
	}
	geometry IndexedLineSet {
		coord Coordinate {
			point [
				1.21952 -0.237376 0.856182,
				1.2357 -0.252702 0.885686,
			]
		}
		coordIndex [
			0, 1, -1
		]
	}
}
#---------- POLYLINE
Shape {
	appearance Appearance {
		material Material {
			diffuseColor 1 0 0
			emissiveColor 1 0 0
		}
	}
	geometry IndexedLineSet {
		coord Coordinate {
			point [
				1.21755 -0.249221 -0.148797,
				1.21261 -0.255283 -0.143565,
			]
		}
		coordIndex [
			0, 1, -1
		]
	}
}
#---------- POLYLINE
Shape {
	appearance Appearance {
		material Material {
			diffuseColor 0 1 1
			emissiveColor 0 1 1
		}
	}
	geometry IndexedLineSet {
		coord Coordinate {
			point [
				0.971442 1.71338 -50,
				0.971442 1.71338 -1,
				0.971442 1.71338 0.0673191,
				0.972111 1.71284 0.140533,
				0.97294 1.71214 0.242959,
				0.973744 1.7114 0.339348,
				0.975188 1.70981 0.504603,
				0.975694 1.7085 0.657774,
				0.977046 1.70627 0.935267,
				0.977082 1.70611 0.950928,
				0.977196 1.70561 1,
				0.988054 1.653 6,
				0.988076 1.65289 6.01,
				0.988284 1.65209 6.08841,
				0.988585 1.65047 6.22638,
				0.98982 1.64767 6.48197,
				0.989912 1.64746 6.5,
				1.41803 0.450566 100,
			]
		}
		coordIndex [
			0, 1, 2, 3, 4, 5, 6, 7, 8, 9, 
			10, 11, 12, 13, 14, 15, 16, 17, -1
		]
	}
}
#---------- POLYLINE
Shape {
	appearance Appearance {
		material Material {
			diffuseColor 1 0 0
			emissiveColor 1 0 0
		}
	}
	geometry IndexedLineSet {
		coord Coordinate {
			point [
				0.98982 1.64767 6.48197,
				0.987572 1.65693 6.48478,
				0.980521 1.66076 6.48904,
				0.980206 1.66116 6.49558,
				0.981819 1.65978 6.49729,
				0.982689 1.65852 6.49718,
				0.983888 1.65744 6.49788,
				0.984888 1.65756 6.49923,
				0.985867 1.65797 6.5,
				0.986346 1.65769 6.49971,
				0.986819 1.65749 6.49946,
				0.987235 1.65719 6.49932,
				0.987588 1.65673 6.49905,
				0.988091 1.65644 6.49881,
				0.988714 1.6563 6.49837,
				0.989624 1.65605 6.49819,
				0.990348 1.65542 6.49786,
				0.99141 1.65529 6.49781,
				0.992591 1.65544 6.49751,
				0.992688 1.65644 6.49674,
				0.992918 1.65737 6.49588,
			]
		}
		coordIndex [
			0, 1, 2, 3, 4, 5, 6, 7, 8, 9, 
			10, 11, 12, 13, 14, 15, 16, 17, 18, 19, 
			20, -1
		]
	}
}
#---------- POLYLINE
Shape {
	appearance Appearance {
		material Material {
			diffuseColor 1 0 0
			emissiveColor 1 0 0
		}
	}
	geometry IndexedLineSet {
		coord Coordinate {
			point [
				0.988585 1.65047 6.22638,
				0.980798 1.64084 6.23616,
			]
		}
		coordIndex [
			0, 1, -1
		]
	}
}
#---------- POLYLINE
Shape {
	appearance Appearance {
		material Material {
			diffuseColor 1 0 0
			emissiveColor 1 0 0
		}
	}
	geometry IndexedLineSet {
		coord Coordinate {
			point [
				0.988284 1.65209 6.08841,
				0.990279 1.65795 6.09213,
			]
		}
		coordIndex [
			0, 1, -1
		]
	}
}
#---------- POLYLINE
Shape {
	appearance Appearance {
		material Material {
			diffuseColor 1 0 0
			emissiveColor 1 0 0
		}
	}
	geometry IndexedLineSet {
		coord Coordinate {
			point [
				0.988076 1.65289 6.01,
				0.985388 1.65049 6.01169,
			]
		}
		coordIndex [
			0, 1, -1
		]
	}
}
#---------- POLYLINE
Shape {
	appearance Appearance {
		material Material {
			diffuseColor 1 0 0
			emissiveColor 1 0 0
		}
	}
	geometry IndexedLineSet {
		coord Coordinate {
			point [
				0.977046 1.70627 0.935267,
				0.971063 1.70646 0.938827,
			]
		}
		coordIndex [
			0, 1, -1
		]
	}
}
#---------- POLYLINE
Shape {
	appearance Appearance {
		material Material {
			diffuseColor 1 0 0
			emissiveColor 1 0 0
		}
	}
	geometry IndexedLineSet {
		coord Coordinate {
			point [
				0.975694 1.7085 0.657774,
				0.971128 1.70614 0.66063,
			]
		}
		coordIndex [
			0, 1, -1
		]
	}
}
#---------- POLYLINE
Shape {
	appearance Appearance {
		material Material {
			diffuseColor 1 0 0
			emissiveColor 1 0 0
		}
	}
	geometry IndexedLineSet {
		coord Coordinate {
			point [
				0.975188 1.70981 0.504603,
				0.98584 1.70026 0.517115,
			]
		}
		coordIndex [
			0, 1, -1
		]
	}
}
#---------- POLYLINE
Shape {
	appearance Appearance {
		material Material {
			diffuseColor 1 0 0
			emissiveColor 1 0 0
		}
	}
	geometry IndexedLineSet {
		coord Coordinate {
			point [
				0.973744 1.7114 0.339348,
				0.952849 1.71681 0.366731,
			]
		}
		coordIndex [
			0, 1, -1
		]
	}
}
#---------- POLYLINE
Shape {
	appearance Appearance {
		material Material {
			diffuseColor 1 0 0
			emissiveColor 1 0 0
		}
	}
	geometry IndexedLineSet {
		coord Coordinate {
			point [
				0.97294 1.71214 0.242959,
				0.969783 1.71065 0.24465,
			]
		}
		coordIndex [
			0, 1, -1
		]
	}
}
#---------- POLYLINE
Shape {
	appearance Appearance {
		material Material {
			diffuseColor 1 0 0
			emissiveColor 1 0 0
		}
	}
	geometry IndexedLineSet {
		coord Coordinate {
			point [
				0.972111 1.71284 0.140533,
				0.971936 1.70531 0.14531,
			]
		}
		coordIndex [
			0, 1, -1
		]
	}
}
#---------- POLYLINE
Shape {
	appearance Appearance {
		material Material {
			diffuseColor 1 0 0
			emissiveColor 1 0 0
		}
	}
	geometry IndexedLineSet {
		coord Coordinate {
			point [
				0.971442 1.71338 0.0673191,
				0.978276 1.71486 0.0715972,
			]
		}
		coordIndex [
			0, 1, -1
		]
	}
}
#---------- POLYLINE
Shape {
	appearance Appearance {
		material Material {
			diffuseColor 0 1 1
			emissiveColor 0 1 1
		}
	}
	geometry IndexedLineSet {
		coord Coordinate {
			point [
				0.577724 -2.48819 -50,
				0.577724 -2.48819 -1,
				0.577724 -2.48819 -0.580296,
				0.577532 -2.48824 -0.541275,
				0.571949 -2.49111 0.476265,
				0.572829 -2.4912 0.597438,
				0.573536 -2.49121 0.664849,
				0.575038 -2.49117 0.818501,
				0.57627 -2.49052 1,
				0.631271 -2.47013 6,
				0.636771 -2.46809 6.5,
				2.06023 -1.93609 100,
			]
		}
		coordIndex [
			0, 1, 2, 3, 4, 5, 6, 7, 8, 9, 
			10, 11, -1
		]
	}
}
#---------- POLYLINE
Shape {
	appearance Appearance {
		material Material {
			diffuseColor 1 0 0
			emissiveColor 1 0 0
		}
	}
	geometry IndexedLineSet {
		coord Coordinate {
			point [
				0.575038 -2.49117 0.818501,
				0.572339 -2.49891 0.824097,
			]
		}
		coordIndex [
			0, 1, -1
		]
	}
}
#---------- POLYLINE
Shape {
	appearance Appearance {
		material Material {
			diffuseColor 1 0 0
			emissiveColor 1 0 0
		}
	}
	geometry IndexedLineSet {
		coord Coordinate {
			point [
				0.572829 -2.4912 0.597438,
				0.581508 -2.493 0.603446,
			]
		}
		coordIndex [
			0, 1, -1
		]
	}
}
#---------- POLYLINE
Shape {
	appearance Appearance {
		material Material {
			diffuseColor 1 0 0
			emissiveColor 1 0 0
		}
	}
	geometry IndexedLineSet {
		coord Coordinate {
			point [
				0.577532 -2.48824 -0.541275,
				0.56105 -2.47817 -0.52061,
			]
		}
		coordIndex [
			0, 1, -1
		]
	}
}
#---------- POLYLINE
Shape {
	appearance Appearance {
		material Material {
			diffuseColor 0 1 1
			emissiveColor 0 1 1
		}
	}
	geometry IndexedLineSet {
		coord Coordinate {
			point [
				0.578526 1.29206 -50,
				0.578526 1.29206 -1,
				0.578526 1.29206 -0.807781,
				0.578511 1.29219 -0.718885,
				0.578716 1.29241 -0.649975,
				0.581304 1.29272 0.167038,
				0.583938 1.28456 1,
				0.585401 1.18755 6,
				0.585548 1.17785 6.5,
				1.0476 -0.27897 100,
			]
		}
		coordIndex [
			0, 1, 2, 3, 4, 5, 6, 7, 8, 9, -1
		]
	}
}
#---------- POLYLINE
Shape {
	appearance Appearance {
		material Material {
			diffuseColor 1 0 0
			emissiveColor 1 0 0
		}
	}
	geometry IndexedLineSet {
		coord Coordinate {
			point [
				0.581304 1.29272 0.167038,
				0.583999 1.28458 0.172746,
			]
		}
		coordIndex [
			0, 1, -1
		]
	}
}
#---------- POLYLINE
Shape {
	appearance Appearance {
		material Material {
			diffuseColor 1 0 0
			emissiveColor 1 0 0
		}
	}
	geometry IndexedLineSet {
		coord Coordinate {
			point [
				0.578716 1.29241 -0.649975,
				0.58532 1.29239 -0.64601,
			]
		}
		coordIndex [
			0, 1, -1
		]
	}
}
#---------- POLYLINE
Shape {
	appearance Appearance {
		material Material {
			diffuseColor 1 0 0
			emissiveColor 1 0 0
		}
	}
	geometry IndexedLineSet {
		coord Coordinate {
			point [
				0.578511 1.29219 -0.718885,
				0.580132 1.2864 -0.715369,
			]
		}
		coordIndex [
			0, 1, -1
		]
	}
}
#---------- POLYLINE
Shape {
	appearance Appearance {
		material Material {
			diffuseColor 1 0 0
			emissiveColor 1 0 0
		}
	}
	geometry IndexedLineSet {
		coord Coordinate {
			point [
				0.578526 1.29206 -0.807781,
				0.583242 1.28085 -0.798018,
			]
		}
		coordIndex [
			0, 1, -1
		]
	}
}
#---------- POLYLINE
Shape {
	appearance Appearance {
		material Material {
			diffuseColor 0 1 1
			emissiveColor 0 1 1
		}
	}
	geometry IndexedLineSet {
		coord Coordinate {
			point [
				0.966913 0.030394 -50,
				0.966913 0.030394 -1,
				0.966913 0.030394 -0.706613,
				0.966776 0.0300581 -0.603711,
				0.96623 0.0293584 -0.320846,
				0.966827 0.0297921 -0.142296,
				0.968662 0.0315201 0.479982,
				0.96854 0.0270682 0.984751,
				0.968499 0.0269382 1,
				0.957928 -0.0191297 6,
				0.95786 -0.0194267 6.03223,
				0.95755 -0.0214487 6.22089,
				0.957494 -0.0218959 6.27574,
				0.957577 -0.0244219 6.5,
				0.963316 -0.89024 100,
			]
		}
		coordIndex [
			0, 1, 2, 3, 4, 5, 6, 7, 8, 9, 
			10, 11, 12, 13, 14, -1
		]
	}
}
#---------- POLYLINE
Shape {
	appearance Appearance {
		material Material {
			diffuseColor 1 0 0
			emissiveColor 1 0 0
		}
	}
	geometry IndexedLineSet {
		coord Coordinate {
			point [
				0.957494 -0.0218959 6.27574,
				0.955216 -0.0247479 6.27744,
			]
		}
		coordIndex [
			0, 1, -1
		]
	}
}
#---------- POLYLINE
Shape {
	appearance Appearance {
		material Material {
			diffuseColor 1 0 0
			emissiveColor 1 0 0
		}
	}
	geometry IndexedLineSet {
		coord Coordinate {
			point [
				0.95755 -0.0214487 6.22089,
				0.952692 -0.023299 6.22369,
			]
		}
		coordIndex [
			0, 1, -1
		]
	}
}
#---------- POLYLINE
Shape {
	appearance Appearance {
		material Material {
			diffuseColor 1 0 0
			emissiveColor 1 0 0
		}
	}
	geometry IndexedLineSet {
		coord Coordinate {
			point [
				0.95786 -0.0194267 6.03223,
				0.953521 -0.019555 6.03442,
			]
		}
		coordIndex [
			0, 1, -1
		]
	}
}
#---------- POLYLINE
Shape {
	appearance Appearance {
		material Material {
			diffuseColor 1 0 0
			emissiveColor 1 0 0
		}
	}
	geometry IndexedLineSet {
		coord Coordinate {
			point [
				0.96854 0.0270682 0.984751,
				0.970186 0.0298914 0.986323,
			]
		}
		coordIndex [
			0, 1, -1
		]
	}
}
#---------- POLYLINE
Shape {
	appearance Appearance {
		material Material {
			diffuseColor 1 0 0
			emissiveColor 1 0 0
		}
	}
	geometry IndexedLineSet {
		coord Coordinate {
			point [
				0.968662 0.0315201 0.479982,
				0.973348 0.0329974 0.482674,
			]
		}
		coordIndex [
			0, 1, -1
		]
	}
}
#---------- POLYLINE
Shape {
	appearance Appearance {
		material Material {
			diffuseColor 1 0 0
			emissiveColor 1 0 0
		}
	}
	geometry IndexedLineSet {
		coord Coordinate {
			point [
				0.966827 0.0297921 -0.142296,
				0.969371 0.0349175 -0.139046,
			]
		}
		coordIndex [
			0, 1, -1
		]
	}
}
#---------- POLYLINE
Shape {
	appearance Appearance {
		material Material {
			diffuseColor 1 0 0
			emissiveColor 1 0 0
		}
	}
	geometry IndexedLineSet {
		coord Coordinate {
			point [
				0.96623 0.0293584 -0.320846,
				0.969576 0.0293809 -0.319292,
			]
		}
		coordIndex [
			0, 1, -1
		]
	}
}
#---------- POLYLINE
Shape {
	appearance Appearance {
		material Material {
			diffuseColor 1 0 0
			emissiveColor 1 0 0
		}
	}
	geometry IndexedLineSet {
		coord Coordinate {
			point [
				0.966776 0.0300581 -0.603711,
				0.968062 0.0250557 -0.600891,
			]
		}
		coordIndex [
			0, 1, -1
		]
	}
}
#---------- POLYLINE
Shape {
	appearance Appearance {
		material Material {
			diffuseColor 1 0 0
			emissiveColor 1 0 0
		}
	}
	geometry IndexedLineSet {
		coord Coordinate {
			point [
				0.966913 0.030394 -0.706613,
				0.964709 0.0267451 -0.704459,
			]
		}
		coordIndex [
			0, 1, -1
		]
	}
}
#---------- POLYLINE
Shape {
	appearance Appearance {
		material Material {
			diffuseColor 0 1 1
			emissiveColor 0 1 1
		}
	}
	geometry IndexedLineSet {
		coord Coordinate {
			point [
				1.49178 1.7848 -50,
				1.49178 1.7848 -1,
				1.49178 1.7848 -0.925786,
				1.4907 1.78314 0.430451,
				1.48842 1.77666 1,
				1.49701 1.71598 6,
				1.49735 1.71359 6.19668,
				1.49787 1.70973 6.5,
				1.5192 0.437513 100,
			]
		}
		coordIndex [
			0, 1, 2, 3, 4, 5, 6, 7, 8, -1
		]
	}
}
#---------- POLYLINE
Shape {
	appearance Appearance {
		material Material {
			diffuseColor 1 0 0
			emissiveColor 1 0 0
		}
	}
	geometry IndexedLineSet {
		coord Coordinate {
			point [
				1.49735 1.71359 6.19668,
				1.49322 1.70728 6.20133,
			]
		}
		coordIndex [
			0, 1, -1
		]
	}
}
#---------- POLYLINE
Shape {
	appearance Appearance {
		material Material {
			diffuseColor 1 0 0
			emissiveColor 1 0 0
		}
	}
	geometry IndexedLineSet {
		coord Coordinate {
			point [
				1.49178 1.7848 -0.925786,
				1.48557 1.79496 -0.916365,
			]
		}
		coordIndex [
			0, 1, -1
		]
	}
}
#---------- POLYLINE
Shape {
	appearance Appearance {
		material Material {
			diffuseColor 0 1 1
			emissiveColor 0 1 1
		}
	}
	geometry IndexedLineSet {
		coord Coordinate {
			point [
				0.320595 -1.53357 -50,
				0.320595 -1.53357 -1,
				0.32049 -1.53385 -0.938822,
				0.320356 -1.53412 -0.900335,
				0.320002 -1.53529 -0.765162,
				0.319905 -1.53591 -0.699771,
				0.319943 -1.53721 -0.564587,
				0.32063 -1.53885 -0.408407,
				0.321626 -1.54006 -0.227629,
				0.347694 -1.56689 0.374478,
				0.377006 -1.59615 0.880108,
				0.384006 -1.60255 1,
				0.681638 -1.87205 6,
				0.686153 -1.87614 6.07585,
				0.690944 -1.88051 6.15709,
				0.697757 -1.88735 6.27594,
				0.710714 -1.90107 6.5,
				6.02547 -7.5506 100,
			]
		}
		coordIndex [
			0, 1, 2, 3, 4, 5, 6, 7, 8, 9, 
			10, 11, 12, 13, 14, 15, 16, 17, -1
		]
	}
}
#---------- POLYLINE
Shape {
	appearance Appearance {
		material Material {
			diffuseColor 1 0 0
			emissiveColor 1 0 0
		}
	}
	geometry IndexedLineSet {
		coord Coordinate {
			point [
				0.697757 -1.88735 6.27594,
				0.691468 -1.88614 6.28043,
			]
		}
		coordIndex [
			0, 1, -1
		]
	}
}
#---------- POLYLINE
Shape {
	appearance Appearance {
		material Material {
			diffuseColor 1 0 0
			emissiveColor 1 0 0
		}
	}
	geometry IndexedLineSet {
		coord Coordinate {
			point [
				0.690944 -1.88051 6.15709,
				0.687873 -1.87481 6.16174,
			]
		}
		coordIndex [
			0, 1, -1
		]
	}
}
#---------- POLYLINE
Shape {
	appearance Appearance {
		material Material {
			diffuseColor 1 0 0
			emissiveColor 1 0 0
		}
	}
	geometry IndexedLineSet {
		coord Coordinate {
			point [
				0.686153 -1.87614 6.07585,
				0.678855 -1.87491 6.11493,
				0.680214 -1.8707 6.14259,
			]
		}
		coordIndex [
			0, 1, 2, -1
		]
	}
}
#---------- POLYLINE
Shape {
	appearance Appearance {
		material Material {
			diffuseColor 1 0 0
			emissiveColor 1 0 0
		}
	}
	geometry IndexedLineSet {
		coord Coordinate {
			point [
				0.377006 -1.59615 0.880108,
				0.362744 -1.60793 0.904448,
				0.361202 -1.6115 0.896975,
			]
		}
		coordIndex [
			0, 1, 2, -1
		]
	}
}
#---------- POLYLINE
Shape {
	appearance Appearance {
		material Material {
			diffuseColor 1 0 0
			emissiveColor 1 0 0
		}
	}
	geometry IndexedLineSet {
		coord Coordinate {
			point [
				0.362744 -1.60793 0.904448,
				0.366254 -1.60977 0.904416,
			]
		}
		coordIndex [
			0, 1, -1
		]
	}
}
#---------- POLYLINE
Shape {
	appearance Appearance {
		material Material {
			diffuseColor 1 0 0
			emissiveColor 1 0 0
		}
	}
	geometry IndexedLineSet {
		coord Coordinate {
			point [
				0.347694 -1.56689 0.374478,
				0.351876 -1.56695 0.376301,
			]
		}
		coordIndex [
			0, 1, -1
		]
	}
}
#---------- POLYLINE
Shape {
	appearance Appearance {
		material Material {
			diffuseColor 1 0 0
			emissiveColor 1 0 0
		}
	}
	geometry IndexedLineSet {
		coord Coordinate {
			point [
				0.321626 -1.54006 -0.227629,
				0.319862 -1.54476 -0.224905,
			]
		}
		coordIndex [
			0, 1, -1
		]
	}
}
#---------- POLYLINE
Shape {
	appearance Appearance {
		material Material {
			diffuseColor 1 0 0
			emissiveColor 1 0 0
		}
	}
	geometry IndexedLineSet {
		coord Coordinate {
			point [
				0.32063 -1.53885 -0.408407,
				0.323818 -1.53392 -0.404984,
			]
		}
		coordIndex [
			0, 1, -1
		]
	}
}
#---------- POLYLINE
Shape {
	appearance Appearance {
		material Material {
			diffuseColor 1 0 0
			emissiveColor 1 0 0
		}
	}
	geometry IndexedLineSet {
		coord Coordinate {
			point [
				0.319943 -1.53721 -0.564587,
				0.333407 -1.52444 -0.544906,
			]
		}
		coordIndex [
			0, 1, -1
		]
	}
}
#---------- POLYLINE
Shape {
	appearance Appearance {
		material Material {
			diffuseColor 1 0 0
			emissiveColor 1 0 0
		}
	}
	geometry IndexedLineSet {
		coord Coordinate {
			point [
				0.319905 -1.53591 -0.699771,
				0.341417 -1.53464 -0.673957,
			]
		}
		coordIndex [
			0, 1, -1
		]
	}
}
#---------- POLYLINE
Shape {
	appearance Appearance {
		material Material {
			diffuseColor 1 0 0
			emissiveColor 1 0 0
		}
	}
	geometry IndexedLineSet {
		coord Coordinate {
			point [
				0.320002 -1.53529 -0.765162,
				0.317126 -1.5326 -0.763183,
			]
		}
		coordIndex [
			0, 1, -1
		]
	}
}
#---------- POLYLINE
Shape {
	appearance Appearance {
		material Material {
			diffuseColor 1 0 0
			emissiveColor 1 0 0
		}
	}
	geometry IndexedLineSet {
		coord Coordinate {
			point [
				0.32049 -1.53385 -0.938822,
				0.311592 -1.54034 -0.930591,
			]
		}
		coordIndex [
			0, 1, -1
		]
	}
}
#---------- POLYLINE
Shape {
	appearance Appearance {
		material Material {
			diffuseColor 0 1 1
			emissiveColor 0 1 1
		}
	}
	geometry IndexedLineSet {
		coord Coordinate {
			point [
				-0.437165 -2.64716 -50,
				-0.437165 -2.64716 -1,
				-0.437165 -2.64716 -0.609299,
				-0.439127 -2.64536 -0.307668,
				-0.44432 -2.64012 0.218155,
				-0.44537 -2.63852 0.483684,
				-0.446706 -2.6371 0.713858,
				-0.44755 -2.63698 0.803166,
				-0.447676 -2.63697 0.817327,
				-0.448721 -2.63687 0.940347,
				-0.449165 -2.63673 1,
				-0.474449 -2.6142 6,
				-0.474624 -2.61404 6.03469,
				-0.476614 -2.61249 6.5,
				-0.620233 -2.27029 100,
			]
		}
		coordIndex [
			0, 1, 2, 3, 4, 5, 6, 7, 8, 9, 
			10, 11, 12, 13, 14, -1
		]
	}
}
#---------- POLYLINE
Shape {
	appearance Appearance {
		material Material {
			diffuseColor 1 0 0
			emissiveColor 1 0 0
		}
	}
	geometry IndexedLineSet {
		coord Coordinate {
			point [
				-0.474624 -2.61404 6.03469,
				-0.46816 -2.60461 6.04344,
			]
		}
		coordIndex [
			0, 1, -1
		]
	}
}
#---------- POLYLINE
Shape {
	appearance Appearance {
		material Material {
			diffuseColor 1 0 0
			emissiveColor 1 0 0
		}
	}
	geometry IndexedLineSet {
		coord Coordinate {
			point [
				-0.448721 -2.63687 0.940347,
				-0.442349 -2.63379 0.944887,
			]
		}
		coordIndex [
			0, 1, -1
		]
	}
}
#---------- POLYLINE
Shape {
	appearance Appearance {
		material Material {
			diffuseColor 1 0 0
			emissiveColor 1 0 0
		}
	}
	geometry IndexedLineSet {
		coord Coordinate {
			point [
				-0.447676 -2.63697 0.817327,
				-0.454794 -2.64159 0.823037,
			]
		}
		coordIndex [
			0, 1, -1
		]
	}
}
#---------- POLYLINE
Shape {
	appearance Appearance {
		material Material {
			diffuseColor 1 0 0
			emissiveColor 1 0 0
		}
	}
	geometry IndexedLineSet {
		coord Coordinate {
			point [
				-0.44755 -2.63698 0.803166,
				-0.456715 -2.63445 0.809871,
			]
		}
		coordIndex [
			0, 1, -1
		]
	}
}
#---------- POLYLINE
Shape {
	appearance Appearance {
		material Material {
			diffuseColor 1 0 0
			emissiveColor 1 0 0
		}
	}
	geometry IndexedLineSet {
		coord Coordinate {
			point [
				-0.446706 -2.6371 0.713858,
				-0.449526 -2.63347 0.716255,
			]
		}
		coordIndex [
			0, 1, -1
		]
	}
}
#---------- POLYLINE
Shape {
	appearance Appearance {
		material Material {
			diffuseColor 1 0 0
			emissiveColor 1 0 0
		}
	}
	geometry IndexedLineSet {
		coord Coordinate {
			point [
				-0.44537 -2.63852 0.483684,
				-0.445849 -2.6309 0.488559,
			]
		}
		coordIndex [
			0, 1, -1
		]
	}
}
#---------- POLYLINE
Shape {
	appearance Appearance {
		material Material {
			diffuseColor 1 0 0
			emissiveColor 1 0 0
		}
	}
	geometry IndexedLineSet {
		coord Coordinate {
			point [
				-0.44432 -2.64012 0.218155,
				-0.460517 -2.64102 0.233581,
			]
		}
		coordIndex [
			0, 1, -1
		]
	}
}
#---------- POLYLINE
Shape {
	appearance Appearance {
		material Material {
			diffuseColor 0 1 1
			emissiveColor 0 1 1
		}
	}
	geometry IndexedLineSet {
		coord Coordinate {
			point [
				-1.30781 2.22702 -50,
				-1.30781 2.22702 -1,
				-1.30781 2.22702 -0.755195,
				-1.30793 2.22681 -0.610878,
				-1.30754 2.22648 -0.170627,
				-1.3074 2.2266 -0.135594,
				-1.30651 2.22756 0.131032,
				-1.30431 2.22776 0.424412,
				-1.2996 2.22765 1,
				-1.25005 2.21664 6,
				-1.24765 2.21611 6.24209,
				-1.24733 2.21598 6.28357,
				-1.24644 2.21577 6.40552,
				-1.24614 2.21577 6.43891,
				-1.24561 2.21559 6.49913,
				-1.24561 2.21558 6.5,
				-0.398307 2.08991 100,
			]
		}
		coordIndex [
			0, 1, 2, 3, 4, 5, 6, 7, 8, 9, 
			10, 11, 12, 13, 14, 15, 16, -1
		]
	}
}
#---------- POLYLINE
Shape {
	appearance Appearance {
		material Material {
			diffuseColor 1 0 0
			emissiveColor 1 0 0
		}
	}
	geometry IndexedLineSet {
		coord Coordinate {
			point [
				-1.24561 2.21559 6.49913,
				-1.24608 2.21531 6.4993,
				-1.24633 2.21511 6.49951,
				-1.24652 2.21491 6.49977,
				-1.24654 2.21481 6.5,
				14.9777 -22.0088 100,
			]
		}
		coordIndex [
			0, 1, 2, 3, 4, 5, -1
		]
	}
}
#---------- POLYLINE
Shape {
	appearance Appearance {
		material Material {
			diffuseColor 1 0 0
			emissiveColor 1 0 0
		}
	}
	geometry IndexedLineSet {
		coord Coordinate {
			point [
				-1.24644 2.21577 6.40552,
				-1.28038 2.20075 6.43455,
				-1.28626 2.17577 6.45415,
				-1.29411 2.16064 6.47801,
				-1.29323 2.15043 6.48466,
				-1.29561 2.14638 6.49127,
				-1.3018 2.14891 6.49503,
				-1.30695 2.15208 6.49833,
				-1.30967 2.15419 6.5,
				-100 45.6711 34.2903,
			]
		}
		coordIndex [
			0, 1, 2, 3, 4, 5, 6, 7, 8, 9, -1
		]
	}
}
#---------- POLYLINE
Shape {
	appearance Appearance {
		material Material {
			diffuseColor 1 0 0
			emissiveColor 1 0 0
		}
	}
	geometry IndexedLineSet {
		coord Coordinate {
			point [
				-1.24733 2.21598 6.28357,
				-1.24587 2.20333 6.29383,
			]
		}
		coordIndex [
			0, 1, -1
		]
	}
}
#---------- POLYLINE
Shape {
	appearance Appearance {
		material Material {
			diffuseColor 1 0 0
			emissiveColor 1 0 0
		}
	}
	geometry IndexedLineSet {
		coord Coordinate {
			point [
				-1.24765 2.21611 6.24209,
				-1.24777 2.22665 6.24991,
			]
		}
		coordIndex [
			0, 1, -1
		]
	}
}
#---------- POLYLINE
Shape {
	appearance Appearance {
		material Material {
			diffuseColor 1 0 0
			emissiveColor 1 0 0
		}
	}
	geometry IndexedLineSet {
		coord Coordinate {
			point [
				-1.30431 2.22776 0.424412,
				-1.30006 2.23896 0.433996,
			]
		}
		coordIndex [
			0, 1, -1
		]
	}
}
#---------- POLYLINE
Shape {
	appearance Appearance {
		material Material {
			diffuseColor 1 0 0
			emissiveColor 1 0 0
		}
	}
	geometry IndexedLineSet {
		coord Coordinate {
			point [
				-1.30651 2.22756 0.131032,
				-1.30333 2.22967 0.132875,
			]
		}
		coordIndex [
			0, 1, -1
		]
	}
}
#---------- POLYLINE
Shape {
	appearance Appearance {
		material Material {
			diffuseColor 1 0 0
			emissiveColor 1 0 0
		}
	}
	geometry IndexedLineSet {
		coord Coordinate {
			point [
				-1.3074 2.2266 -0.135594,
				-1.30648 2.23154 -0.132881,
			]
		}
		coordIndex [
			0, 1, -1
		]
	}
}
#---------- POLYLINE
Shape {
	appearance Appearance {
		material Material {
			diffuseColor 1 0 0
			emissiveColor 1 0 0
		}
	}
	geometry IndexedLineSet {
		coord Coordinate {
			point [
				-1.30793 2.22681 -0.610878,
				-1.30388 2.22635 -0.608832,
			]
		}
		coordIndex [
			0, 1, -1
		]
	}
}
#---------- POLYLINE
Shape {
	appearance Appearance {
		material Material {
			diffuseColor 1 0 0
			emissiveColor 1 0 0
		}
	}
	geometry IndexedLineSet {
		coord Coordinate {
			point [
				-1.30781 2.22702 -0.755195,
				-1.30676 2.23704 -0.747832,
			]
		}
		coordIndex [
			0, 1, -1
		]
	}
}
#---------- POLYLINE
Shape {
	appearance Appearance {
		material Material {
			diffuseColor 0 1 1
			emissiveColor 0 1 1
		}
	}
	geometry IndexedLineSet {
		coord Coordinate {
			point [
				-2.16995 2.84321 -50,
				-2.16995 2.84321 -1,
				-2.16995 2.84321 -0.781349,
				-2.17004 2.84297 -0.696713,
				-2.17003 2.84275 -0.612456,
				-2.16998 2.84256 -0.309989,
				-2.16347 2.83731 0.371696,
				-2.16021 2.8369 0.697223,
				-2.15849 2.83444 1,
				-2.10229 2.76955 6,
				-2.10155 2.76869 6.06587,
				-2.10116 2.76814 6.10572,
				-2.09671 2.76261 6.5,
				-0.701151 0.940688 100,
			]
		}
		coordIndex [
			0, 1, 2, 3, 4, 5, 6, 7, 8, 9, 
			10, 11, 12, 13, -1
		]
	}
}
#---------- POLYLINE
Shape {
	appearance Appearance {
		material Material {
			diffuseColor 1 0 0
			emissiveColor 1 0 0
		}
	}
	geometry IndexedLineSet {
		coord Coordinate {
			point [
				-2.10116 2.76814 6.10572,
				-2.11106 2.77328 6.1145,
			]
		}
		coordIndex [
			0, 1, -1
		]
	}
}
#---------- POLYLINE
Shape {
	appearance Appearance {
		material Material {
			diffuseColor 1 0 0
			emissiveColor 1 0 0
		}
	}
	geometry IndexedLineSet {
		coord Coordinate {
			point [
				-2.10155 2.76869 6.06587,
				-2.10329 2.76593 6.10426,
				-2.10176 2.74704 6.11323,
			]
		}
		coordIndex [
			0, 1, 2, -1
		]
	}
}
#---------- POLYLINE
Shape {
	appearance Appearance {
		material Material {
			diffuseColor 1 0 0
			emissiveColor 1 0 0
		}
	}
	geometry IndexedLineSet {
		coord Coordinate {
			point [
				-2.16021 2.8369 0.697223,
				-2.16501 2.84845 0.707825,
			]
		}
		coordIndex [
			0, 1, -1
		]
	}
}
#---------- POLYLINE
Shape {
	appearance Appearance {
		material Material {
			diffuseColor 1 0 0
			emissiveColor 1 0 0
		}
	}
	geometry IndexedLineSet {
		coord Coordinate {
			point [
				-2.16998 2.84256 -0.309989,
				-2.16444 2.83506 -0.303601,
			]
		}
		coordIndex [
			0, 1, -1
		]
	}
}
#---------- POLYLINE
Shape {
	appearance Appearance {
		material Material {
			diffuseColor 1 0 0
			emissiveColor 1 0 0
		}
	}
	geometry IndexedLineSet {
		coord Coordinate {
			point [
				-2.17003 2.84275 -0.612456,
				-2.17431 2.83188 -0.603302,
			]
		}
		coordIndex [
			0, 1, -1
		]
	}
}
#---------- POLYLINE
Shape {
	appearance Appearance {
		material Material {
			diffuseColor 1 0 0
			emissiveColor 1 0 0
		}
	}
	geometry IndexedLineSet {
		coord Coordinate {
			point [
				-2.17004 2.84297 -0.696713,
				-2.16978 2.84647 -0.695035,
			]
		}
		coordIndex [
			0, 1, -1
		]
	}
}
#---------- POLYLINE
Shape {
	appearance Appearance {
		material Material {
			diffuseColor 0 1 1
			emissiveColor 0 1 1
		}
	}
	geometry IndexedLineSet {
		coord Coordinate {
			point [
				-1.21376 -3.27067 -50,
				-1.21376 -3.27067 -1,
				-1.21376 -3.27067 -0.709747,
				-1.21358 -3.27078 -0.615069,
				-1.21267 -3.27182 -0.23428,
				-1.2127 -3.27196 -0.19611,
				-1.21264 -3.27247 -0.0221201,
				-1.21269 -3.27273 0.0205156,
				-1.21286 -3.27648 0.47589,
				-1.21256 -3.27801 0.598393,
				-1.21225 -3.28249 1,
				-1.17576 -3.28856 6,
				-1.17211 -3.28917 6.5,
				-0.218083 -3.31145 100,
			]
		}
		coordIndex [
			0, 1, 2, 3, 4, 5, 6, 7, 8, 9, 
			10, 11, 12, 13, -1
		]
	}
}
#---------- POLYLINE
Shape {
	appearance Appearance {
		material Material {
			diffuseColor 1 0 0
			emissiveColor 1 0 0
		}
	}
	geometry IndexedLineSet {
		coord Coordinate {
			point [
				-1.21256 -3.27801 0.598393,
				-1.20872 -3.28028 0.600705,
			]
		}
		coordIndex [
			0, 1, -1
		]
	}
}
#---------- POLYLINE
Shape {
	appearance Appearance {
		material Material {
			diffuseColor 1 0 0
			emissiveColor 1 0 0
		}
	}
	geometry IndexedLineSet {
		coord Coordinate {
			point [
				-1.21269 -3.27273 0.0205156,
				-1.18764 -3.26951 0.0846984,
			]
		}
		coordIndex [
			0, 1, -1
		]
	}
}
#---------- POLYLINE
Shape {
	appearance Appearance {
		material Material {
			diffuseColor 1 0 0
			emissiveColor 1 0 0
		}
	}
	geometry IndexedLineSet {
		coord Coordinate {
			point [
				-1.21264 -3.27247 -0.0221201,
				-1.19933 -3.25161 0.0440784,
			]
		}
		coordIndex [
			0, 1, -1
		]
	}
}
#---------- POLYLINE
Shape {
	appearance Appearance {
		material Material {
			diffuseColor 1 0 0
			emissiveColor 1 0 0
		}
	}
	geometry IndexedLineSet {
		coord Coordinate {
			point [
				-1.2127 -3.27196 -0.19611,
				-1.22621 -3.24896 -0.144789,
			]
		}
		coordIndex [
			0, 1, -1
		]
	}
}
#---------- POLYLINE
Shape {
	appearance Appearance {
		material Material {
			diffuseColor 1 0 0
			emissiveColor 1 0 0
		}
	}
	geometry IndexedLineSet {
		coord Coordinate {
			point [
				-1.21267 -3.27182 -0.23428,
				-1.22678 -3.28414 -0.214544,
			]
		}
		coordIndex [
			0, 1, -1
		]
	}
}
#---------- POLYLINE
Shape {
	appearance Appearance {
		material Material {
			diffuseColor 1 0 0
			emissiveColor 1 0 0
		}
	}
	geometry IndexedLineSet {
		coord Coordinate {
			point [
				-1.21358 -3.27078 -0.615069,
				-1.18911 -3.26127 -0.573355,
			]
		}
		coordIndex [
			0, 1, -1
		]
	}
}
#---------- POLYLINE
Shape {
	appearance Appearance {
		material Material {
			diffuseColor 1 0 0
			emissiveColor 1 0 0
		}
	}
	geometry IndexedLineSet {
		coord Coordinate {
			point [
				-1.21376 -3.27067 -0.709747,
				-1.21293 -3.28195 -0.701057,
			]
		}
		coordIndex [
			0, 1, -1
		]
	}
}
#---------- POLYLINE
Shape {
	appearance Appearance {
		material Material {
			diffuseColor 0 1 1
			emissiveColor 0 1 1
		}
	}
	geometry IndexedLineSet {
		coord Coordinate {
			point [
				-2.48738 -0.209251 -50,
				-2.48738 -0.209251 -1,
				-2.48738 -0.209251 -0.759702,
				-2.48794 -0.208945 -0.0469689,
				-2.48844 -0.209884 0.101661,
				-2.48996 -0.211532 0.339481,
				-2.49676 -0.213434 1,
				-2.5315 -0.264225 6,
				-2.53277 -0.266082 6.18284,
				-2.53298 -0.266752 6.24408,
				-2.53323 -0.267332 6.29481,
				-2.5347 -0.269936 6.5,
				-2.81044 -1.94501 100,
			]
		}
		coordIndex [
			0, 1, 2, 3, 4, 5, 6, 7, 8, 9, 
			10, 11, 12, -1
		]
	}
}
#---------- POLYLINE
Shape {
	appearance Appearance {
		material Material {
			diffuseColor 1 0 0
			emissiveColor 1 0 0
		}
	}
	geometry IndexedLineSet {
		coord Coordinate {
			point [
				-2.53323 -0.267332 6.29481,
				-2.53587 -0.259188 6.30068,
			]
		}
		coordIndex [
			0, 1, -1
		]
	}
}
#---------- POLYLINE
Shape {
	appearance Appearance {
		material Material {
			diffuseColor 1 0 0
			emissiveColor 1 0 0
		}
	}
	geometry IndexedLineSet {
		coord Coordinate {
			point [
				-2.53298 -0.266752 6.24408,
				-2.52698 -0.276524 6.25272,
			]
		}
		coordIndex [
			0, 1, -1
		]
	}
}
#---------- POLYLINE
Shape {
	appearance Appearance {
		material Material {
			diffuseColor 1 0 0
			emissiveColor 1 0 0
		}
	}
	geometry IndexedLineSet {
		coord Coordinate {
			point [
				-2.53277 -0.266082 6.18284,
				-2.5385 -0.282883 6.19989,
			]
		}
		coordIndex [
			0, 1, -1
		]
	}
}
#---------- POLYLINE
Shape {
	appearance Appearance {
		material Material {
			diffuseColor 1 0 0
			emissiveColor 1 0 0
		}
	}
	geometry IndexedLineSet {
		coord Coordinate {
			point [
				-2.48996 -0.211532 0.339481,
				-2.4978 -0.221564 0.349841,
			]
		}
		coordIndex [
			0, 1, -1
		]
	}
}
#---------- POLYLINE
Shape {
	appearance Appearance {
		material Material {
			diffuseColor 1 0 0
			emissiveColor 1 0 0
		}
	}
	geometry IndexedLineSet {
		coord Coordinate {
			point [
				-2.48844 -0.209884 0.101661,
				-2.48477 -0.206881 0.104261,
			]
		}
		coordIndex [
			0, 1, -1
		]
	}
}
#---------- POLYLINE
Shape {
	appearance Appearance {
		material Material {
			diffuseColor 1 0 0
			emissiveColor 1 0 0
		}
	}
	geometry IndexedLineSet {
		coord Coordinate {
			point [
				-2.48738 -0.209251 -0.759702,
				-2.49437 -0.196357 -0.746692,
			]
		}
		coordIndex [
			0, 1, -1
		]
	}
}
#---------- POLYLINE
Shape {
	appearance Appearance {
		material Material {
			diffuseColor 0 1 1
			emissiveColor 0 1 1
		}
	}
	geometry IndexedLineSet {
		coord Coordinate {
			point [
				2.3152 3.03472 -50,
				2.3152 3.03472 -1,
				2.3152 3.03472 -0.926929,
				2.31514 3.03463 -0.86599,
				2.31369 3.03377 -0.0537365,
				2.31348 3.03372 -0.0154242,
				2.31245 3.03346 0.119607,
				2.31019 3.03224 0.449341,
				2.30907 3.03087 0.578522,
				2.30819 3.03 0.670697,
				2.30711 3.02866 0.778522,
				2.30504 3.02648 0.968692,
				2.30465 3.02603 1,
				2.24667 2.96736 6,
				2.24627 2.96696 6.03432,
				2.24584 2.96649 6.07783,
				2.24444 2.96491 6.21998,
				2.241 2.96158 6.5,
				1.24245 2.07892 100,
			]
		}
		coordIndex [
			0, 1, 2, 3, 4, 5, 6, 7, 8, 9, 
			10, 11, 12, 13, 14, 15, 16, 17, 18, -1
		]
	}
}
#---------- POLYLINE
Shape {
	appearance Appearance {
		material Material {
			diffuseColor 1 0 0
			emissiveColor 1 0 0
		}
	}
	geometry IndexedLineSet {
		coord Coordinate {
			point [
				2.24584 2.96649 6.07783,
				2.22816 2.95782 6.09816,
			]
		}
		coordIndex [
			0, 1, -1
		]
	}
}
#---------- POLYLINE
Shape {
	appearance Appearance {
		material Material {
			diffuseColor 1 0 0
			emissiveColor 1 0 0
		}
	}
	geometry IndexedLineSet {
		coord Coordinate {
			point [
				2.24627 2.96696 6.03432,
				2.24356 2.96452 6.03599,
			]
		}
		coordIndex [
			0, 1, -1
		]
	}
}
#---------- POLYLINE
Shape {
	appearance Appearance {
		material Material {
			diffuseColor 1 0 0
			emissiveColor 1 0 0
		}
	}
	geometry IndexedLineSet {
		coord Coordinate {
			point [
				2.30504 3.02648 0.968692,
				2.3048 3.02062 0.972004,
			]
		}
		coordIndex [
			0, 1, -1
		]
	}
}
#---------- POLYLINE
Shape {
	appearance Appearance {
		material Material {
			diffuseColor 1 0 0
			emissiveColor 1 0 0
		}
	}
	geometry IndexedLineSet {
		coord Coordinate {
			point [
				2.30711 3.02866 0.778522,
				2.30413 3.03117 0.780466,
			]
		}
		coordIndex [
			0, 1, -1
		]
	}
}
#---------- POLYLINE
Shape {
	appearance Appearance {
		material Material {
			diffuseColor 1 0 0
			emissiveColor 1 0 0
		}
	}
	geometry IndexedLineSet {
		coord Coordinate {
			point [
				2.30819 3.03 0.670697,
				2.29848 3.01874 0.683781,
			]
		}
		coordIndex [
			0, 1, -1
		]
	}
}
#---------- POLYLINE
Shape {
	appearance Appearance {
		material Material {
			diffuseColor 1 0 0
			emissiveColor 1 0 0
		}
	}
	geometry IndexedLineSet {
		coord Coordinate {
			point [
				2.31019 3.03224 0.449341,
				2.30658 3.03042 0.45132,
			]
		}
		coordIndex [
			0, 1, -1
		]
	}
}
#---------- POLYLINE
Shape {
	appearance Appearance {
		material Material {
			diffuseColor 1 0 0
			emissiveColor 1 0 0
		}
	}
	geometry IndexedLineSet {
		coord Coordinate {
			point [
				2.31245 3.03346 0.119607,
				2.3034 3.02182 0.132696,
			]
		}
		coordIndex [
			0, 1, -1
		]
	}
}
#---------- POLYLINE
Shape {
	appearance Appearance {
		material Material {
			diffuseColor 1 0 0
			emissiveColor 1 0 0
		}
	}
	geometry IndexedLineSet {
		coord Coordinate {
			point [
				2.31348 3.03372 -0.0154242,
				2.31573 3.03745 -0.0131402,
			]
		}
		coordIndex [
			0, 1, -1
		]
	}
}
#---------- POLYLINE
Shape {
	appearance Appearance {
		material Material {
			diffuseColor 1 0 0
			emissiveColor 1 0 0
		}
	}
	geometry IndexedLineSet {
		coord Coordinate {
			point [
				2.31369 3.03377 -0.0537365,
				2.31312 3.03992 -0.050075,
			]
		}
		coordIndex [
			0, 1, -1
		]
	}
}
#---------- POLYLINE
Shape {
	appearance Appearance {
		material Material {
			diffuseColor 1 0 0
			emissiveColor 1 0 0
		}
	}
	geometry IndexedLineSet {
		coord Coordinate {
			point [
				2.31514 3.03463 -0.86599,
				2.3194 3.02591 -0.859063,
			]
		}
		coordIndex [
			0, 1, -1
		]
	}
}
#---------- POLYLINE
Shape {
	appearance Appearance {
		material Material {
			diffuseColor 0 1 1
			emissiveColor 0 1 1
		}
	}
	geometry IndexedLineSet {
		coord Coordinate {
			point [
				2.10608 0.0561569 -50,
				2.10608 0.0561569 -1,
				2.10608 0.0561569 -0.977825,
				2.10593 0.0561834 -0.874744,
				2.10614 0.0565797 -0.717575,
				2.10645 0.05704 -0.543109,
				2.108 0.0580914 -0.101487,
				2.10823 0.0580055 -0.0838317,
				2.10957 0.0574288 0.0234904,
				2.1135 0.0554051 0.409475,
				2.11481 0.0543626 0.519635,
				2.11494 0.054299 0.529086,
				2.11887 0.0523893 0.830936,
				2.12145 0.0514628 1,
				2.21354 0.0264237 6,
				2.21871 0.0250181 6.28068,
				2.22238 0.024746 6.5,
				3.87053 0.115875 100,
			]
		}
		coordIndex [
			0, 1, 2, 3, 4, 5, 6, 7, 8, 9, 
			10, 11, 12, 13, 14, 15, 16, 17, -1
		]
	}
}
#---------- POLYLINE
Shape {
	appearance Appearance {
		material Material {
			diffuseColor 1 0 0
			emissiveColor 1 0 0
		}
	}
	geometry IndexedLineSet {
		coord Coordinate {
			point [
				2.21871 0.0250181 6.28068,
				2.23368 0.0325564 6.30126,
				2.24148 0.0376087 6.30927,
			]
		}
		coordIndex [
			0, 1, 2, -1
		]
	}
}
#---------- POLYLINE
Shape {
	appearance Appearance {
		material Material {
			diffuseColor 1 0 0
			emissiveColor 1 0 0
		}
	}
	geometry IndexedLineSet {
		coord Coordinate {
			point [
				2.23368 0.0325564 6.30126,
				2.23045 0.0310194 6.30582,
			]
		}
		coordIndex [
			0, 1, -1
		]
	}
}
#---------- POLYLINE
Shape {
	appearance Appearance {
		material Material {
			diffuseColor 1 0 0
			emissiveColor 1 0 0
		}
	}
	geometry IndexedLineSet {
		coord Coordinate {
			point [
				2.11887 0.0523893 0.830936,
				2.11236 0.0624703 0.841009,
			]
		}
		coordIndex [
			0, 1, -1
		]
	}
}
#---------- POLYLINE
Shape {
	appearance Appearance {
		material Material {
			diffuseColor 1 0 0
			emissiveColor 1 0 0
		}
	}
	geometry IndexedLineSet {
		coord Coordinate {
			point [
				2.11481 0.0543626 0.519635,
				2.10075 0.0523078 0.532716,
			]
		}
		coordIndex [
			0, 1, -1
		]
	}
}
#---------- POLYLINE
Shape {
	appearance Appearance {
		material Material {
			diffuseColor 1 0 0
			emissiveColor 1 0 0
		}
	}
	geometry IndexedLineSet {
		coord Coordinate {
			point [
				2.1135 0.0554051 0.409475,
				2.11287 0.0459439 0.416139,
			]
		}
		coordIndex [
			0, 1, -1
		]
	}
}
#---------- POLYLINE
Shape {
	appearance Appearance {
		material Material {
			diffuseColor 1 0 0
			emissiveColor 1 0 0
		}
	}
	geometry IndexedLineSet {
		coord Coordinate {
			point [
				2.10957 0.0574288 0.0234904,
				2.12302 0.0578829 0.0347228,
			]
		}
		coordIndex [
			0, 1, -1
		]
	}
}
#---------- POLYLINE
Shape {
	appearance Appearance {
		material Material {
			diffuseColor 1 0 0
			emissiveColor 1 0 0
		}
	}
	geometry IndexedLineSet {
		coord Coordinate {
			point [
				2.10823 0.0580055 -0.0838317,
				2.10535 0.0687815 -0.0470294,
				2.13547 0.061899 -0.0261593,
			]
		}
		coordIndex [
			0, 1, 2, -1
		]
	}
}
#---------- POLYLINE
Shape {
	appearance Appearance {
		material Material {
			diffuseColor 1 0 0
			emissiveColor 1 0 0
		}
	}
	geometry IndexedLineSet {
		coord Coordinate {
			point [
				2.10535 0.0687815 -0.0470294,
				2.10739 0.0743198 -0.0474105,
			]
		}
		coordIndex [
			0, 1, -1
		]
	}
}
#---------- POLYLINE
Shape {
	appearance Appearance {
		material Material {
			diffuseColor 1 0 0
			emissiveColor 1 0 0
		}
	}
	geometry IndexedLineSet {
		coord Coordinate {
			point [
				2.108 0.0580914 -0.101487,
				2.11037 0.0625513 -0.0987413,
			]
		}
		coordIndex [
			0, 1, -1
		]
	}
}
#---------- POLYLINE
Shape {
	appearance Appearance {
		material Material {
			diffuseColor 1 0 0
			emissiveColor 1 0 0
		}
	}
	geometry IndexedLineSet {
		coord Coordinate {
			point [
				2.10593 0.0561834 -0.874744,
				2.10752 0.0530665 -0.873078,
			]
		}
		coordIndex [
			0, 1, -1
		]
	}
}
#---------- POLYLINE
Shape {
	appearance Appearance {
		material Material {
			diffuseColor 0 1 1
			emissiveColor 0 1 1
		}
	}
	geometry IndexedLineSet {
		coord Coordinate {
			point [
				-0.284341 2.85104 -50,
				-0.284341 2.85104 -1,
				-0.284341 2.85104 -0.861044,
				-0.284339 2.85154 -0.662863,
				-0.286724 2.85163 0.0627633,
				-0.286921 2.85208 0.364868,
				-0.283986 2.85352 0.913865,
				-0.283772 2.85403 1,
				-0.289319 2.89569 6,
				-0.289545 2.89738 6.20395,
				-0.289623 2.89778 6.26038,
				-0.290483 2.89865 6.5,
				-0.64141 3.33833 100,
			]
		}
		coordIndex [
			0, 1, 2, 3, 4, 5, 6, 7, 8, 9, 
			10, 11, 12, -1
		]
	}
}
#---------- POLYLINE
Shape {
	appearance Appearance {
		material Material {
			diffuseColor 1 0 0
			emissiveColor 1 0 0
		}
	}
	geometry IndexedLineSet {
		coord Coordinate {
			point [
				-0.289623 2.89778 6.26038,
				-0.286034 2.91906 6.28524,
			]
		}
		coordIndex [
			0, 1, -1
		]
	}
}
#---------- POLYLINE
Shape {
	appearance Appearance {
		material Material {
			diffuseColor 1 0 0
			emissiveColor 1 0 0
		}
	}
	geometry IndexedLineSet {
		coord Coordinate {
			point [
				-0.286921 2.85208 0.364868,
				-0.286646 2.86953 0.382432,
			]
		}
		coordIndex [
			0, 1, -1
		]
	}
}
#---------- POLYLINE
Shape {
	appearance Appearance {
		material Material {
			diffuseColor 1 0 0
			emissiveColor 1 0 0
		}
	}
	geometry IndexedLineSet {
		coord Coordinate {
			point [
				-0.286724 2.85163 0.0627633,
				-0.287093 2.84783 0.0649749,
				-0.284474 2.84689 0.0638533,
			]
		}
		coordIndex [
			0, 1, 2, -1
		]
	}
}
#---------- POLYLINE
Shape {
	appearance Appearance {
		material Material {
			diffuseColor 0 1 0
			emissiveColor 0 1 0
		}
	}
	geometry IndexedLineSet {
		coord Coordinate {
			point [
				-0.287093 2.84783 0.0649749,
				-0.288536 2.84718 0.0622491,
			]
		}
		coordIndex [
			0, 1, -1
		]
	}
}
#---------- POLYLINE
Shape {
	appearance Appearance {
		material Material {
			diffuseColor 1 0 0
			emissiveColor 1 0 0
		}
	}
	geometry IndexedLineSet {
		coord Coordinate {
			point [
				-0.284339 2.85154 -0.662863,
				-0.288464 2.84751 -0.659585,
			]
		}
		coordIndex [
			0, 1, -1
		]
	}
}
#---------- POLYLINE
Shape {
	appearance Appearance {
		material Material {
			diffuseColor 1 0 0
			emissiveColor 1 0 0
		}
	}
	geometry IndexedLineSet {
		coord Coordinate {
			point [
				-0.284341 2.85104 -0.861044,
				-0.283889 2.84766 -0.85943,
			]
		}
		coordIndex [
			0, 1, -1
		]
	}
}
#---------- POLYLINE
Shape {
	appearance Appearance {
		material Material {
			diffuseColor 0 1 1
			emissiveColor 0 1 1
		}
	}
	geometry IndexedLineSet {
		coord Coordinate {
			point [
				-0.434879 2.56166 -50,
				-0.434879 2.56166 -1,
				-0.434879 2.56166 -0.911783,
				-0.434784 2.56158 -0.859149,
				-0.43351 2.55995 0.0274897,
				-0.433506 2.56206 0.216615,
				-0.433577 2.56307 0.308999,
				-0.435623 2.57055 1,
				-0.437495 2.62543 6,
				-0.437677 2.63077 6.48705,
				-0.437634 2.631 6.5,
				-0.21011 4.22154 100,
			]
		}
		coordIndex [
			0, 1, 2, 3, 4, 5, 6, 7, 8, 9, 
			10, 11, -1
		]
	}
}
#---------- POLYLINE
Shape {
	appearance Appearance {
		material Material {
			diffuseColor 1 0 0
			emissiveColor 1 0 0
		}
	}
	geometry IndexedLineSet {
		coord Coordinate {
			point [
				-0.437677 2.63077 6.48705,
				-0.441145 2.63084 6.49239,
				-0.439736 2.63162 6.49614,
				-0.438576 2.63084 6.4972,
				-0.439267 2.62971 6.498,
				-0.439787 2.62958 6.49903,
				-0.440292 2.62974 6.49986,
				-0.440361 2.62978 6.5,
				-31.0925 40.9804 100,
			]
		}
		coordIndex [
			0, 1, 2, 3, 4, 5, 6, 7, 8, -1
		]
	}
}
#---------- POLYLINE
Shape {
	appearance Appearance {
		material Material {
			diffuseColor 1 0 0
			emissiveColor 1 0 0
		}
	}
	geometry IndexedLineSet {
		coord Coordinate {
			point [
				-0.433577 2.56307 0.308999,
				-0.441715 2.55758 0.316198,
			]
		}
		coordIndex [
			0, 1, -1
		]
	}
}
#---------- POLYLINE
Shape {
	appearance Appearance {
		material Material {
			diffuseColor 1 0 0
			emissiveColor 1 0 0
		}
	}
	geometry IndexedLineSet {
		coord Coordinate {
			point [
				-0.433506 2.56206 0.216615,
				-0.436623 2.56966 0.221964,
			]
		}
		coordIndex [
			0, 1, -1
		]
	}
}
#---------- POLYLINE
Shape {
	appearance Appearance {
		material Material {
			diffuseColor 1 0 0
			emissiveColor 1 0 0
		}
	}
	geometry IndexedLineSet {
		coord Coordinate {
			point [
				-0.43351 2.55995 0.0274897,
				-0.437667 2.55856 0.0297806,
			]
		}
		coordIndex [
			0, 1, -1
		]
	}
}
#---------- POLYLINE
Shape {
	appearance Appearance {
		material Material {
			diffuseColor 0 1 1
			emissiveColor 0 1 1
		}
	}
	geometry IndexedLineSet {
		coord Coordinate {
			point [
				-3.08987 -2.36578 -50,
				-3.08987 -2.36578 -1,
				-3.08987 -2.36578 -0.935807,
				-3.08931 -2.36541 -0.529279,
				-3.08646 -2.36674 -0.165337,
				-3.08641 -2.36674 -0.157893,
				-3.08129 -2.36668 0.537202,
				-3.07612 -2.36496 0.907655,
				-3.07598 -2.36489 0.931092,
				-3.07566 -2.36467 1,
				-3.05975 -2.36259 6,
				-3.05928 -2.36253 6.14912,
				-3.05912 -2.36279 6.41517,
				-3.05859 -2.36285 6.5,
				-2.52833 -2.66608 100,
			]
		}
		coordIndex [
			0, 1, 2, 3, 4, 5, 6, 7, 8, 9, 
			10, 11, 12, 13, 14, -1
		]
	}
}
#---------- POLYLINE
Shape {
	appearance Appearance {
		material Material {
			diffuseColor 1 0 0
			emissiveColor 1 0 0
		}
	}
	geometry IndexedLineSet {
		coord Coordinate {
			point [
				-3.05928 -2.36253 6.14912,
				-3.0572 -2.36002 6.15062,
			]
		}
		coordIndex [
			0, 1, -1
		]
	}
}
#---------- POLYLINE
Shape {
	appearance Appearance {
		material Material {
			diffuseColor 1 0 0
			emissiveColor 1 0 0
		}
	}
	geometry IndexedLineSet {
		coord Coordinate {
			point [
				-3.07598 -2.36489 0.931092,
				-3.07805 -2.36234 0.932642,
			]
		}
		coordIndex [
			0, 1, -1
		]
	}
}
#---------- POLYLINE
Shape {
	appearance Appearance {
		material Material {
			diffuseColor 1 0 0
			emissiveColor 1 0 0
		}
	}
	geometry IndexedLineSet {
		coord Coordinate {
			point [
				-3.07612 -2.36496 0.907655,
				-3.07885 -2.35302 0.917674,
			]
		}
		coordIndex [
			0, 1, -1
		]
	}
}
#---------- POLYLINE
Shape {
	appearance Appearance {
		material Material {
			diffuseColor 1 0 0
			emissiveColor 1 0 0
		}
	}
	geometry IndexedLineSet {
		coord Coordinate {
			point [
				-3.08129 -2.36668 0.537202,
				-3.08354 -2.34916 0.580509,
				-3.06782 -2.35275 0.601907,
			]
		}
		coordIndex [
			0, 1, 2, -1
		]
	}
}
#---------- POLYLINE
Shape {
	appearance Appearance {
		material Material {
			diffuseColor 1 0 0
			emissiveColor 1 0 0
		}
	}
	geometry IndexedLineSet {
		coord Coordinate {
			point [
				-3.08354 -2.34916 0.580509,
				-3.08604 -2.34726 0.582948,
			]
		}
		coordIndex [
			0, 1, -1
		]
	}
}
#---------- POLYLINE
Shape {
	appearance Appearance {
		material Material {
			diffuseColor 1 0 0
			emissiveColor 1 0 0
		}
	}
	geometry IndexedLineSet {
		coord Coordinate {
			point [
				-3.08646 -2.36674 -0.165337,
				-3.08957 -2.37513 -0.159099,
			]
		}
		coordIndex [
			0, 1, -1
		]
	}
}
#---------- POLYLINE
Shape {
	appearance Appearance {
		material Material {
			diffuseColor 1 0 0
			emissiveColor 1 0 0
		}
	}
	geometry IndexedLineSet {
		coord Coordinate {
			point [
				-3.08931 -2.36541 -0.529279,
				-3.09391 -2.3621 -0.525986,
			]
		}
		coordIndex [
			0, 1, -1
		]
	}
}
#---------- POLYLINE
Shape {
	appearance Appearance {
		material Material {
			diffuseColor 1 0 0
			emissiveColor 1 0 0
		}
	}
	geometry IndexedLineSet {
		coord Coordinate {
			point [
				-3.08987 -2.36578 -0.935807,
				-3.08922 -2.36975 -0.933793,
			]
		}
		coordIndex [
			0, 1, -1
		]
	}
}
#---------- POLYLINE
Shape {
	appearance Appearance {
		material Material {
			diffuseColor 0 1 1
			emissiveColor 0 1 1
		}
	}
	geometry IndexedLineSet {
		coord Coordinate {
			point [
				-3.36615 0.621234 -50,
				-3.36615 0.621234 -1,
				-3.36615 0.621234 -0.777431,
				-3.36642 0.621286 -0.673334,
				-3.36912 0.62458 0.130474,
				-3.3648 0.628194 0.828893,
				-3.36498 0.629976 1,
				-3.38608 0.6616 6,
				-3.38647 0.66218 6.0918,
				-3.38764 0.663929 6.35655,
				-3.3887 0.665217 6.5,
				-3.90916 1.14572 100,
			]
		}
		coordIndex [
			0, 1, 2, 3, 4, 5, 6, 7, 8, 9, 
			10, 11, -1
		]
	}
}
#---------- POLYLINE
Shape {
	appearance Appearance {
		material Material {
			diffuseColor 1 0 0
			emissiveColor 1 0 0
		}
	}
	geometry IndexedLineSet {
		coord Coordinate {
			point [
				-3.38764 0.663929 6.35655,
				-3.38358 0.660916 6.35936,
			]
		}
		coordIndex [
			0, 1, -1
		]
	}
}
#---------- POLYLINE
Shape {
	appearance Appearance {
		material Material {
			diffuseColor 1 0 0
			emissiveColor 1 0 0
		}
	}
	geometry IndexedLineSet {
		coord Coordinate {
			point [
				-3.38647 0.66218 6.0918,
				-3.38746 0.6466 6.14269,
				-3.38405 0.6158 6.19668,
			]
		}
		coordIndex [
			0, 1, 2, -1
		]
	}
}
#---------- POLYLINE
Shape {
	appearance Appearance {
		material Material {
			diffuseColor 1 0 0
			emissiveColor 1 0 0
		}
	}
	geometry IndexedLineSet {
		coord Coordinate {
			point [
				-3.3648 0.628194 0.828893,
				-3.36934 0.629503 0.831404,
			]
		}
		coordIndex [
			0, 1, -1
		]
	}
}
#---------- POLYLINE
Shape {
	appearance Appearance {
		material Material {
			diffuseColor 1 0 0
			emissiveColor 1 0 0
		}
	}
	geometry IndexedLineSet {
		coord Coordinate {
			point [
				-3.36912 0.62458 0.130474,
				-3.37613 0.625693 0.134991,
			]
		}
		coordIndex [
			0, 1, -1
		]
	}
}
#---------- POLYLINE
Shape {
	appearance Appearance {
		material Material {
			diffuseColor 1 0 0
			emissiveColor 1 0 0
		}
	}
	geometry IndexedLineSet {
		coord Coordinate {
			point [
				-3.36615 0.621234 -0.777431,
				-3.35871 0.624553 -0.772025,
			]
		}
		coordIndex [
			0, 1, -1
		]
	}
}
#---------- POLYLINE
Shape {
	appearance Appearance {
		material Material {
			diffuseColor 0 1 1
			emissiveColor 0 1 1
		}
	}
	geometry IndexedLineSet {
		coord Coordinate {
			point [
				-0.532527 -0.114698 -50,
				-0.532527 -0.114698 -1,
				-0.532527 -0.114698 0.989199,
				-0.532589 -0.114736 1,
				-0.558814 -0.13377 6,
				-0.559357 -0.134164 6.10358,
				-0.561354 -0.135443 6.5,
				-1.15705 -0.489112 100,
			]
		}
		coordIndex [
			0, 1, 2, 3, 4, 5, 6, 7, -1
		]
	}
}
#---------- POLYLINE
Shape {
	appearance Appearance {
		material Material {
			diffuseColor 1 0 0
			emissiveColor 1 0 0
		}
	}
	geometry IndexedLineSet {
		coord Coordinate {
			point [
				-0.559357 -0.134164 6.10358,
				-0.544055 -0.142797 6.12094,
			]
		}
		coordIndex [
			0, 1, -1
		]
	}
}
#---------- POLYLINE
Shape {
	appearance Appearance {
		material Material {
			diffuseColor 1 0 0
			emissiveColor 1 0 0
		}
	}
	geometry IndexedLineSet {
		coord Coordinate {
			point [
				-0.532527 -0.114698 0.989199,
				-0.534411 -0.12103 0.99058,
				-0.5368 -0.125302 0.991194,
				-0.539135 -0.127455 0.991776,
			]
		}
		coordIndex [
			0, 1, 2, 3, -1
		]
	}
}
#---------- POLYLINE
Shape {
	appearance Appearance {
		material Material {
			diffuseColor 0 1 1
			emissiveColor 0 1 1
		}
	}
	geometry IndexedLineSet {
		coord Coordinate {
			point [
				-0.133535 0.00415598 -50,
				-0.133535 0.00415598 -1,
				-0.133535 0.00415598 -0.839105,
				-0.133552 0.00417378 -0.833106,
				-0.133756 0.00433686 -0.765224,
				-0.133979 0.00583143 -0.448034,
				-0.135362 0.00699248 -0.0781031,
				-0.135562 0.00694804 -0.0355022,
				-0.136254 0.00681319 0.0900496,
				-0.136662 0.00650054 0.272709,
				-0.137972 0.00672307 0.522705,
				-0.14275 0.00527267 1,
				-0.156891 0.0371739 6,
				-0.158305 0.040364 6.5,
				-0.989791 0.795802 100,
			]
		}
		coordIndex [
			0, 1, 2, 3, 4, 5, 6, 7, 8, 9, 
			10, 11, 12, 13, 14, -1
		]
	}
}
#---------- POLYLINE
Shape {
	appearance Appearance {
		material Material {
			diffuseColor 1 0 0
			emissiveColor 1 0 0
		}
	}
	geometry IndexedLineSet {
		coord Coordinate {
			point [
				-0.137972 0.00672307 0.522705,
				-0.136172 0.012114 0.526026,
			]
		}
		coordIndex [
			0, 1, -1
		]
	}
}
#---------- POLYLINE
Shape {
	appearance Appearance {
		material Material {
			diffuseColor 1 0 0
			emissiveColor 1 0 0
		}
	}
	geometry IndexedLineSet {
		coord Coordinate {
			point [
				-0.136662 0.00650054 0.272709,
				-0.133274 0.00772785 0.274474,
			]
		}
		coordIndex [
			0, 1, -1
		]
	}
}
#---------- POLYLINE
Shape {
	appearance Appearance {
		material Material {
			diffuseColor 1 0 0
			emissiveColor 1 0 0
		}
	}
	geometry IndexedLineSet {
		coord Coordinate {
			point [
				-0.136254 0.00681319 0.0900496,
				-0.139873 0.00706606 0.091796,
			]
		}
		coordIndex [
			0, 1, -1
		]
	}
}
#---------- POLYLINE
Shape {
	appearance Appearance {
		material Material {
			diffuseColor 1 0 0
			emissiveColor 1 0 0
		}
	}
	geometry IndexedLineSet {
		coord Coordinate {
			point [
				-0.135562 0.00694804 -0.0355022,
				-0.125931 0.00355127 -0.0278694,
			]
		}
		coordIndex [
			0, 1, -1
		]
	}
}
#---------- POLYLINE
Shape {
	appearance Appearance {
		material Material {
			diffuseColor 1 0 0
			emissiveColor 1 0 0
		}
	}
	geometry IndexedLineSet {
		coord Coordinate {
			point [
				-0.135362 0.00699248 -0.0781031,
				-0.134207 0.0102911 -0.0764246,
			]
		}
		coordIndex [
			0, 1, -1
		]
	}
}
#---------- POLYLINE
Shape {
	appearance Appearance {
		material Material {
			diffuseColor 1 0 0
			emissiveColor 1 0 0
		}
	}
	geometry IndexedLineSet {
		coord Coordinate {
			point [
				-0.133979 0.00583143 -0.448034,
				-0.138324 0.0047461 -0.445721,
			]
		}
		coordIndex [
			0, 1, -1
		]
	}
}
#---------- POLYLINE
Shape {
	appearance Appearance {
		material Material {
			diffuseColor 1 0 0
			emissiveColor 1 0 0
		}
	}
	geometry IndexedLineSet {
		coord Coordinate {
			point [
				-0.133756 0.00433686 -0.765224,
				-0.137604 0.00906004 -0.761701,
			]
		}
		coordIndex [
			0, 1, -1
		]
	}
}
#---------- POLYLINE
Shape {
	appearance Appearance {
		material Material {
			diffuseColor 0 1 1
			emissiveColor 0 1 1
		}
	}
	geometry IndexedLineSet {
		coord Coordinate {
			point [
				-1.08592 -2.20326 -50,
				-1.08592 -2.20326 -1,
				-1.08592 -2.20326 -0.792848,
				-1.08597 -2.20326 -0.742365,
				-1.08533 -2.2037 -0.0826623,
				-1.0851 -2.20441 -0.00881308,
				-1.08409 -2.21058 0.527912,
				-1.08261 -2.21427 0.815367,
				-1.08201 -2.21647 0.952709,
				-1.08165 -2.21719 1,
				-1.04741 -2.30343 6,
				-1.04495 -2.30962 6.35893,
				-1.04398 -2.31206 6.5,
				-0.610705 -4.24185 100,
			]
		}
		coordIndex [
			0, 1, 2, 3, 4, 5, 6, 7, 8, 9, 
			10, 11, 12, 13, -1
		]
	}
}
#---------- POLYLINE
Shape {
	appearance Appearance {
		material Material {
			diffuseColor 1 0 0
			emissiveColor 1 0 0
		}
	}
	geometry IndexedLineSet {
		coord Coordinate {
			point [
				-1.04495 -2.30962 6.35893,
				-1.05249 -2.30955 6.36379,
			]
		}
		coordIndex [
			0, 1, -1
		]
	}
}
#---------- POLYLINE
Shape {
	appearance Appearance {
		material Material {
			diffuseColor 1 0 0
			emissiveColor 1 0 0
		}
	}
	geometry IndexedLineSet {
		coord Coordinate {
			point [
				-1.08201 -2.21647 0.952709,
				-1.08935 -2.21758 0.957572,
			]
		}
		coordIndex [
			0, 1, -1
		]
	}
}
#---------- POLYLINE
Shape {
	appearance Appearance {
		material Material {
			diffuseColor 1 0 0
			emissiveColor 1 0 0
		}
	}
	geometry IndexedLineSet {
		coord Coordinate {
			point [
				-1.08261 -2.21427 0.815367,
				-1.07649 -2.21081 0.81984,
			]
		}
		coordIndex [
			0, 1, -1
		]
	}
}
#---------- POLYLINE
Shape {
	appearance Appearance {
		material Material {
			diffuseColor 1 0 0
			emissiveColor 1 0 0
		}
	}
	geometry IndexedLineSet {
		coord Coordinate {
			point [
				-1.08409 -2.21058 0.527912,
				-1.07622 -2.20201 0.537294,
			]
		}
		coordIndex [
			0, 1, -1
		]
	}
}
#---------- POLYLINE
Shape {
	appearance Appearance {
		material Material {
			diffuseColor 1 0 0
			emissiveColor 1 0 0
		}
	}
	geometry IndexedLineSet {
		coord Coordinate {
			point [
				-1.0851 -2.20441 -0.00881308,
				-1.07845 -2.20594 -0.004648,
			]
		}
		coordIndex [
			0, 1, -1
		]
	}
}
#---------- POLYLINE
Shape {
	appearance Appearance {
		material Material {
			diffuseColor 1 0 0
			emissiveColor 1 0 0
		}
	}
	geometry IndexedLineSet {
		coord Coordinate {
			point [
				-1.08533 -2.2037 -0.0826623,
				-1.08547 -2.19563 -0.077193,
			]
		}
		coordIndex [
			0, 1, -1
		]
	}
}
#---------- POLYLINE
Shape {
	appearance Appearance {
		material Material {
			diffuseColor 1 0 0
			emissiveColor 1 0 0
		}
	}
	geometry IndexedLineSet {
		coord Coordinate {
			point [
				-1.08597 -2.20326 -0.742365,
				-1.10076 -2.19779 -0.727658,
			]
		}
		coordIndex [
			0, 1, -1
		]
	}
}
#---------- POLYLINE
Shape {
	appearance Appearance {
		material Material {
			diffuseColor 1 0 0
			emissiveColor 1 0 0
		}
	}
	geometry IndexedLineSet {
		coord Coordinate {
			point [
				-1.08592 -2.20326 -0.792848,
				-1.08943 -2.19994 -0.790273,
			]
		}
		coordIndex [
			0, 1, -1
		]
	}
}
#---------- POLYLINE
Shape {
	appearance Appearance {
		material Material {
			diffuseColor 0 1 1
			emissiveColor 0 1 1
		}
	}
	geometry IndexedLineSet {
		coord Coordinate {
			point [
				-2.09715 2.98564 -50,
				-2.09715 2.98564 -1,
				-2.09715 2.98564 -0.794172,
				-2.09642 2.98569 0.285808,
				-2.09707 2.98406 0.727585,
				-2.09794 2.98134 0.982298,
				-2.09796 2.98121 1,
				-2.10425 2.94876 6,
				-2.10465 2.94671 6.3162,
				-2.10371 2.94548 6.5,
				-1.53452 2.2136 100,
			]
		}
		coordIndex [
			0, 1, 2, 3, 4, 5, 6, 7, 8, 9, 
			10, -1
		]
	}
}
#---------- POLYLINE
Shape {
	appearance Appearance {
		material Material {
			diffuseColor 1 0 0
			emissiveColor 1 0 0
		}
	}
	geometry IndexedLineSet {
		coord Coordinate {
			point [
				-2.10465 2.94671 6.3162,
				-2.11903 2.93584 6.33432,
			]
		}
		coordIndex [
			0, 1, -1
		]
	}
}
#---------- POLYLINE
Shape {
	appearance Appearance {
		material Material {
			diffuseColor 1 0 0
			emissiveColor 1 0 0
		}
	}
	geometry IndexedLineSet {
		coord Coordinate {
			point [
				-2.09794 2.98134 0.982298,
				-2.09598 2.97738 0.984574,
			]
		}
		coordIndex [
			0, 1, -1
		]
	}
}
#---------- POLYLINE
Shape {
	appearance Appearance {
		material Material {
			diffuseColor 1 0 0
			emissiveColor 1 0 0
		}
	}
	geometry IndexedLineSet {
		coord Coordinate {
			point [
				-2.09707 2.98406 0.727585,
				-2.10847 2.99772 0.746352,
			]
		}
		coordIndex [
			0, 1, -1
		]
	}
}
#---------- POLYLINE
Shape {
	appearance Appearance {
		material Material {
			diffuseColor 1 0 0
			emissiveColor 1 0 0
		}
	}
	geometry IndexedLineSet {
		coord Coordinate {
			point [
				-2.09642 2.98569 0.285808,
				-2.08508 2.96143 0.340865,
			]
		}
		coordIndex [
			0, 1, -1
		]
	}
}
#---------- POLYLINE
Shape {
	appearance Appearance {
		material Material {
			diffuseColor 1 0 0
			emissiveColor 1 0 0
		}
	}
	geometry IndexedLineSet {
		coord Coordinate {
			point [
				-2.09715 2.98564 -0.794172,
				-2.10406 2.9841 -0.78976,
			]
		}
		coordIndex [
			0, 1, -1
		]
	}
}
#---------- POLYLINE
Shape {
	appearance Appearance {
		material Material {
			diffuseColor 0 1 1
			emissiveColor 0 1 1
		}
	}
	geometry IndexedLineSet {
		coord Coordinate {
			point [
				1.42291 -2.3556 -50,
				1.42291 -2.3556 -1,
				1.42291 -2.3556 -0.842963,
				1.4231 -2.35565 -0.791848,
				1.42315 -2.35569 -0.779596,
				1.42334 -2.35583 -0.736245,
				1.42383 -2.35625 -0.639789,
				1.42456 -2.35673 -0.485395,
				1.42548 -2.35608 -0.220499,
				1.42566 -2.35472 0.234628,
				1.42609 -2.35424 0.489399,
				1.42761 -2.35149 1,
				1.62862 -2.34631 6,
				1.6469 -2.34584 6.45488,
				1.64882 -2.34607 6.5,
				5.54658 -2.73437 100,
			]
		}
		coordIndex [
			0, 1, 2, 3, 4, 5, 6, 7, 8, 9, 
			10, 11, 12, 13, 14, 15, -1
		]
	}
}
#---------- POLYLINE
Shape {
	appearance Appearance {
		material Material {
			diffuseColor 1 0 0
			emissiveColor 1 0 0
		}
	}
	geometry IndexedLineSet {
		coord Coordinate {
			point [
				1.42609 -2.35424 0.489399,
				1.44272 -2.35486 0.505714,
			]
		}
		coordIndex [
			0, 1, -1
		]
	}
}
#---------- POLYLINE
Shape {
	appearance Appearance {
		material Material {
			diffuseColor 1 0 0
			emissiveColor 1 0 0
		}
	}
	geometry IndexedLineSet {
		coord Coordinate {
			point [
				1.42566 -2.35472 0.234628,
				1.42691 -2.35807 0.236361,
			]
		}
		coordIndex [
			0, 1, -1
		]
	}
}
#---------- POLYLINE
Shape {
	appearance Appearance {
		material Material {
			diffuseColor 1 0 0
			emissiveColor 1 0 0
		}
	}
	geometry IndexedLineSet {
		coord Coordinate {
			point [
				1.42548 -2.35608 -0.220499,
				1.42427 -2.36054 -0.218036,
			]
		}
		coordIndex [
			0, 1, -1
		]
	}
}
#---------- POLYLINE
Shape {
	appearance Appearance {
		material Material {
			diffuseColor 1 0 0
			emissiveColor 1 0 0
		}
	}
	geometry IndexedLineSet {
		coord Coordinate {
			point [
				1.42456 -2.35673 -0.485395,
				1.42087 -2.3592 -0.48306,
			]
		}
		coordIndex [
			0, 1, -1
		]
	}
}
#---------- POLYLINE
Shape {
	appearance Appearance {
		material Material {
			diffuseColor 1 0 0
			emissiveColor 1 0 0
		}
	}
	geometry IndexedLineSet {
		coord Coordinate {
			point [
				1.42383 -2.35625 -0.639789,
				1.42663 -2.35945 -0.637646,
			]
		}
		coordIndex [
			0, 1, -1
		]
	}
}
#---------- POLYLINE
Shape {
	appearance Appearance {
		material Material {
			diffuseColor 1 0 0
			emissiveColor 1 0 0
		}
	}
	geometry IndexedLineSet {
		coord Coordinate {
			point [
				1.42334 -2.35583 -0.736245,
				1.42682 -2.35232 -0.733582,
			]
		}
		coordIndex [
			0, 1, -1
		]
	}
}
#---------- POLYLINE
Shape {
	appearance Appearance {
		material Material {
			diffuseColor 1 0 0
			emissiveColor 1 0 0
		}
	}
	geometry IndexedLineSet {
		coord Coordinate {
			point [
				1.42315 -2.35569 -0.779596,
				1.41938 -2.35571 -0.777733,
			]
		}
		coordIndex [
			0, 1, -1
		]
	}
}
#---------- POLYLINE
Shape {
	appearance Appearance {
		material Material {
			diffuseColor 1 0 0
			emissiveColor 1 0 0
		}
	}
	geometry IndexedLineSet {
		coord Coordinate {
			point [
				1.4231 -2.35565 -0.791848,
				1.42758 -2.35765 -0.78925,
			]
		}
		coordIndex [
			0, 1, -1
		]
	}
}
#---------- POLYLINE
Shape {
	appearance Appearance {
		material Material {
			diffuseColor 1 0 0
			emissiveColor 1 0 0
		}
	}
	geometry IndexedLineSet {
		coord Coordinate {
			point [
				1.42291 -2.3556 -0.842963,
				1.42143 -2.36014 -0.840422,
			]
		}
		coordIndex [
			0, 1, -1
		]
	}
}
#---------- POLYLINE
Shape {
	appearance Appearance {
		material Material {
			diffuseColor 0 1 1
			emissiveColor 0 1 1
		}
	}
	geometry IndexedLineSet {
		coord Coordinate {
			point [
				2.14464 -0.152367 -50,
				2.14464 -0.152367 -1,
				2.14464 -0.152367 0.195115,
				2.14528 -0.151292 0.339481,
				2.14698 -0.147984 0.769783,
				2.14773 -0.146233 1,
				2.16296 -0.107275 6,
				2.16309 -0.106935 6.04364,
				2.16413 -0.103774 6.5,
				2.04281 0.473012 100,
			]
		}
		coordIndex [
			0, 1, 2, 3, 4, 5, 6, 7, 8, 9, -1
		]
	}
}
#---------- POLYLINE
Shape {
	appearance Appearance {
		material Material {
			diffuseColor 1 0 0
			emissiveColor 1 0 0
		}
	}
	geometry IndexedLineSet {
		coord Coordinate {
			point [
				2.16309 -0.106935 6.04364,
				2.16459 -0.103459 6.04543,
			]
		}
		coordIndex [
			0, 1, -1
		]
	}
}
#---------- POLYLINE
Shape {
	appearance Appearance {
		material Material {
			diffuseColor 1 0 0
			emissiveColor 1 0 0
		}
	}
	geometry IndexedLineSet {
		coord Coordinate {
			point [
				2.14698 -0.147984 0.769783,
				2.12877 -0.137533 0.79493,
			]
		}
		coordIndex [
			0, 1, -1
		]
	}
}
#---------- POLYLINE
Shape {
	appearance Appearance {
		material Material {
			diffuseColor 1 0 0
			emissiveColor 1 0 0
		}
	}
	geometry IndexedLineSet {
		coord Coordinate {
			point [
				2.14528 -0.151292 0.339481,
				2.14263 -0.146071 0.342844,
			]
		}
		coordIndex [
			0, 1, -1
		]
	}
}
#---------- POLYLINE
Shape {
	appearance Appearance {
		material Material {
			diffuseColor 1 0 0
			emissiveColor 1 0 0
		}
	}
	geometry IndexedLineSet {
		coord Coordinate {
			point [
				2.14464 -0.152367 0.195115,
				2.15426 -0.163372 0.208348,
			]
		}
		coordIndex [
			0, 1, -1
		]
	}
}
#---------- POLYLINE
Shape {
	appearance Appearance {
		material Material {
			diffuseColor 0 1 1
			emissiveColor 0 1 1
		}
	}
	geometry IndexedLineSet {
		coord Coordinate {
			point [
				-0.0974018 -1.53733 -50,
				-0.0974018 -1.53733 -1,
				-0.0974018 -1.53733 -0.853614,
				-0.0975795 -1.53737 -0.791418,
				-0.0995284 -1.53821 -0.436315,
				-0.0977134 -1.53818 0.0176683,
				-0.0976434 -1.53833 0.196945,
				-0.0975608 -1.5386 0.263439,
				-0.0971679 -1.54143 0.94956,
				-0.0967841 -1.54158 1,
				-0.0540459 -1.55409 6,
				-0.0508439 -1.55502 6.37461,
				-0.0498417 -1.55521 6.5,
				0.813338 -2.30052 100,
			]
		}
		coordIndex [
			0, 1, 2, 3, 4, 5, 6, 7, 8, 9, 
			10, 11, 12, 13, -1
		]
	}
}
#---------- POLYLINE
Shape {
	appearance Appearance {
		material Material {
			diffuseColor 1 0 0
			emissiveColor 1 0 0
		}
	}
	geometry IndexedLineSet {
		coord Coordinate {
			point [
				-0.0508439 -1.55502 6.37461,
				-0.0486971 -1.55879 6.37679,
			]
		}
		coordIndex [
			0, 1, -1
		]
	}
}
#---------- POLYLINE
Shape {
	appearance Appearance {
		material Material {
			diffuseColor 1 0 0
			emissiveColor 1 0 0
		}
	}
	geometry IndexedLineSet {
		coord Coordinate {
			point [
				-0.0971679 -1.54143 0.94956,
				-0.088693 -1.54613 0.972082,
				-0.0974301 -1.55463 0.980275,
				-0.0976115 -1.55845 0.97066,
				-0.0980214 -1.5629 0.967526,
			]
		}
		coordIndex [
			0, 1, 2, 3, 4, -1
		]
	}
}
#---------- POLYLINE
Shape {
	appearance Appearance {
		material Material {
			diffuseColor 1 0 0
			emissiveColor 1 0 0
		}
	}
	geometry IndexedLineSet {
		coord Coordinate {
			point [
				-0.0975608 -1.5386 0.263439,
				-0.109193 -1.54292 0.273597,
			]
		}
		coordIndex [
			0, 1, -1
		]
	}
}
#---------- POLYLINE
Shape {
	appearance Appearance {
		material Material {
			diffuseColor 1 0 0
			emissiveColor 1 0 0
		}
	}
	geometry IndexedLineSet {
		coord Coordinate {
			point [
				-0.0977134 -1.53818 0.0176683,
				-0.099685 -1.53454 0.0197782,
			]
		}
		coordIndex [
			0, 1, -1
		]
	}
}
#---------- POLYLINE
Shape {
	appearance Appearance {
		material Material {
			diffuseColor 1 0 0
			emissiveColor 1 0 0
		}
	}
	geometry IndexedLineSet {
		coord Coordinate {
			point [
				-0.0995284 -1.53821 -0.436315,
				-0.097589 -1.56279 -0.365806,
			]
		}
		coordIndex [
			0, 1, -1
		]
	}
}
#---------- POLYLINE
Shape {
	appearance Appearance {
		material Material {
			diffuseColor 1 0 0
			emissiveColor 1 0 0
		}
	}
	geometry IndexedLineSet {
		coord Coordinate {
			point [
				-0.0975795 -1.53737 -0.791418,
				-0.0927807 -1.53577 -0.788624,
			]
		}
		coordIndex [
			0, 1, -1
		]
	}
}
#---------- POLYLINE
Shape {
	appearance Appearance {
		material Material {
			diffuseColor 1 0 0
			emissiveColor 1 0 0
		}
	}
	geometry IndexedLineSet {
		coord Coordinate {
			point [
				-0.0974018 -1.53733 -0.853614,
				-0.100838 -1.52937 -0.847747,
			]
		}
		coordIndex [
			0, 1, -1
		]
	}
}
#---------- POLYLINE
Shape {
	appearance Appearance {
		material Material {
			diffuseColor 0 1 1
			emissiveColor 0 1 1
		}
	}
	geometry IndexedLineSet {
		coord Coordinate {
			point [
				-2.11409 0.345621 -50,
				-2.11409 0.345621 -1,
				-2.11409 0.345621 -0.48405,
				-2.11429 0.34571 -0.439821,
				-2.11783 0.347822 0.0309131,
				-2.12951 0.347299 0.773486,
				-2.13519 0.34719 1,
				-2.24955 0.357939 6,
				-2.2518 0.358151 6.09857,
				-2.26157 0.35853 6.5,
				-4.30564 0.223081 100,
			]
		}
		coordIndex [
			0, 1, 2, 3, 4, 5, 6, 7, 8, 9, 
			10, -1
		]
	}
}
#---------- POLYLINE
Shape {
	appearance Appearance {
		material Material {
			diffuseColor 1 0 0
			emissiveColor 1 0 0
		}
	}
	geometry IndexedLineSet {
		coord Coordinate {
			point [
				-2.2518 0.358151 6.09857,
				-2.25058 0.361556 6.10032,
			]
		}
		coordIndex [
			0, 1, -1
		]
	}
}
#---------- POLYLINE
Shape {
	appearance Appearance {
		material Material {
			diffuseColor 1 0 0
			emissiveColor 1 0 0
		}
	}
	geometry IndexedLineSet {
		coord Coordinate {
			point [
				-2.12951 0.347299 0.773486,
				-2.11592 0.350725 0.786684,
			]
		}
		coordIndex [
			0, 1, -1
		]
	}
}
#---------- POLYLINE
Shape {
	appearance Appearance {
		material Material {
			diffuseColor 1 0 0
			emissiveColor 1 0 0
		}
	}
	geometry IndexedLineSet {
		coord Coordinate {
			point [
				-2.11783 0.347822 0.0309131,
				-2.11726 0.342966 0.0335647,
			]
		}
		coordIndex [
			0, 1, -1
		]
	}
}
#---------- POLYLINE
Shape {
	appearance Appearance {
		material Material {
			diffuseColor 1 0 0
			emissiveColor 1 0 0
		}
	}
	geometry IndexedLineSet {
		coord Coordinate {
			point [
				-2.11429 0.34571 -0.439821,
				-2.10356 0.338357 -0.428765,
			]
		}
		coordIndex [
			0, 1, -1
		]
	}
}
#---------- POLYLINE
Shape {
	appearance Appearance {
		material Material {
			diffuseColor 1 0 0
			emissiveColor 1 0 0
		}
	}
	geometry IndexedLineSet {
		coord Coordinate {
			point [
				-2.11409 0.345621 -0.48405,
				-2.11705 0.3287 -0.467015,
			]
		}
		coordIndex [
			0, 1, -1
		]
	}
}
#---------- POLYLINE
Shape {
	appearance Appearance {
		material Material {
			diffuseColor 0 1 1
			emissiveColor 0 1 1
		}
	}
	geometry IndexedLineSet {
		coord Coordinate {
			point [
				-3.60059 0.0947719 -50,
				-3.60059 0.0947719 -1,
				-3.60059 0.0947719 -0.93633,
				-3.60039 0.095292 -0.659445,
				-3.59983 0.094855 -0.383843,
				-3.60026 0.0936642 -0.0478593,
				-3.59974 0.0929798 0.107582,
				-3.59713 0.0903395 0.672243,
				-3.59718 0.0890425 1,
				-3.55108 0.0780958 6,
				-3.54969 0.0777653 6.15096,
				-3.54763 0.0770595 6.33963,
				-3.54586 0.0771523 6.5,
				-2.20518 0.0323788 100,
			]
		}
		coordIndex [
			0, 1, 2, 3, 4, 5, 6, 7, 8, 9, 
			10, 11, 12, 13, -1
		]
	}
}
#---------- POLYLINE
Shape {
	appearance Appearance {
		material Material {
			diffuseColor 1 0 0
			emissiveColor 1 0 0
		}
	}
	geometry IndexedLineSet {
		coord Coordinate {
			point [
				-3.54969 0.0777653 6.15096,
				-3.55063 0.0745555 6.1525,
			]
		}
		coordIndex [
			0, 1, -1
		]
	}
}
#---------- POLYLINE
Shape {
	appearance Appearance {
		material Material {
			diffuseColor 1 0 0
			emissiveColor 1 0 0
		}
	}
	geometry IndexedLineSet {
		coord Coordinate {
			point [
				-3.59713 0.0903395 0.672243,
				-3.58998 0.0811797 0.68141,
			]
		}
		coordIndex [
			0, 1, -1
		]
	}
}
#---------- POLYLINE
Shape {
	appearance Appearance {
		material Material {
			diffuseColor 1 0 0
			emissiveColor 1 0 0
		}
	}
	geometry IndexedLineSet {
		coord Coordinate {
			point [
				-3.59974 0.0929798 0.107582,
				-3.60846 0.0966462 0.114423,
			]
		}
		coordIndex [
			0, 1, -1
		]
	}
}
#---------- POLYLINE
Shape {
	appearance Appearance {
		material Material {
			diffuseColor 1 0 0
			emissiveColor 1 0 0
		}
	}
	geometry IndexedLineSet {
		coord Coordinate {
			point [
				-3.60026 0.0936642 -0.0478593,
				-3.61061 0.0969255 -0.0395122,
			]
		}
		coordIndex [
			0, 1, -1
		]
	}
}
#---------- POLYLINE
Shape {
	appearance Appearance {
		material Material {
			diffuseColor 1 0 0
			emissiveColor 1 0 0
		}
	}
	geometry IndexedLineSet {
		coord Coordinate {
			point [
				-3.60039 0.095292 -0.659445,
				-3.6004 0.0914371 -0.657558,
			]
		}
		coordIndex [
			0, 1, -1
		]
	}
}
#---------- POLYLINE
Shape {
	appearance Appearance {
		material Material {
			diffuseColor 0 1 1
			emissiveColor 0 1 1
		}
	}
	geometry IndexedLineSet {
		coord Coordinate {
			point [
				0.889853 -3.32733 -50,
				0.889853 -3.32733 -1,
				0.889853 -3.32733 -0.585116,
				0.892711 -3.32689 0.705769,
				0.892897 -3.32706 1,
				0.88459 -3.33682 6,
				0.884065 -3.33743 6.31647,
				0.883635 -3.33673 6.5,
				0.493756 -2.95958 100,
			]
		}
		coordIndex [
			0, 1, 2, 3, 4, 5, 6, 7, 8, -1
		]
	}
}
#---------- POLYLINE
Shape {
	appearance Appearance {
		material Material {
			diffuseColor 1 0 0
			emissiveColor 1 0 0
		}
	}
	geometry IndexedLineSet {
		coord Coordinate {
			point [
				0.884065 -3.33743 6.31647,
				0.88119 -3.33233 6.31977,
			]
		}
		coordIndex [
			0, 1, -1
		]
	}
}
#---------- POLYLINE
Shape {
	appearance Appearance {
		material Material {
			diffuseColor 1 0 0
			emissiveColor 1 0 0
		}
	}
	geometry IndexedLineSet {
		coord Coordinate {
			point [
				0.892711 -3.32689 0.705769,
				0.891405 -3.33051 0.707679,
			]
		}
		coordIndex [
			0, 1, -1
		]
	}
}
#---------- POLYLINE
Shape {
	appearance Appearance {
		material Material {
			diffuseColor 1 0 0
			emissiveColor 1 0 0
		}
	}
	geometry IndexedLineSet {
		coord Coordinate {
			point [
				0.889853 -3.32733 -0.585116,
				0.887261 -3.321 -0.580908,
			]
		}
		coordIndex [
			0, 1, -1
		]
	}
}
#---------- POLYLINE
Shape {
	appearance Appearance {
		material Material {
			diffuseColor 0 1 1
			emissiveColor 0 1 1
		}
	}
	geometry IndexedLineSet {
		coord Coordinate {
			point [
				-1.68893 1.69953 -50,
				-1.68893 1.69953 -1,
				-1.68893 1.69953 -0.97447,
				-1.68897 1.69944 -0.689133,
				-1.68903 1.69665 0.0612091,
				-1.68905 1.69648 0.103908,
				-1.68885 1.696 0.276274,
				-1.68709 1.69526 0.795751,
				-1.68705 1.69545 1,
				-1.69336 1.70539 6,
				-1.69399 1.70639 6.5,
				-2.03439 1.14003 100,
			]
		}
		coordIndex [
			0, 1, 2, 3, 4, 5, 6, 7, 8, 9, 
			10, 11, -1
		]
	}
}
#---------- POLYLINE
Shape {
	appearance Appearance {
		material Material {
			diffuseColor 1 0 0
			emissiveColor 1 0 0
		}
	}
	geometry IndexedLineSet {
		coord Coordinate {
			point [
				-1.68709 1.69526 0.795751,
				-1.68842 1.69852 0.797444,
			]
		}
		coordIndex [
			0, 1, -1
		]
	}
}
#---------- POLYLINE
Shape {
	appearance Appearance {
		material Material {
			diffuseColor 1 0 0
			emissiveColor 1 0 0
		}
	}
	geometry IndexedLineSet {
		coord Coordinate {
			point [
				-1.68905 1.69648 0.103908,
				-1.69516 1.69183 0.108886,
			]
		}
		coordIndex [
			0, 1, -1
		]
	}
}
#---------- POLYLINE
Shape {
	appearance Appearance {
		material Material {
			diffuseColor 1 0 0
			emissiveColor 1 0 0
		}
	}
	geometry IndexedLineSet {
		coord Coordinate {
			point [
				-1.68903 1.69665 0.0612091,
				-1.69227 1.70568 0.0681578,
			]
		}
		coordIndex [
			0, 1, -1
		]
	}
}
#---------- POLYLINE
Shape {
	appearance Appearance {
		material Material {
			diffuseColor 1 0 0
			emissiveColor 1 0 0
		}
	}
	geometry IndexedLineSet {
		coord Coordinate {
			point [
				-1.68897 1.69944 -0.689133,
				-1.68631 1.7036 -0.686444,
			]
		}
		coordIndex [
			0, 1, -1
		]
	}
}
#---------- POLYLINE
Shape {
	appearance Appearance {
		material Material {
			diffuseColor 1 0 0
			emissiveColor 1 0 0
		}
	}
	geometry IndexedLineSet {
		coord Coordinate {
			point [
				-1.68893 1.69953 -0.97447,
				-1.70118 1.70039 -0.967193,
				-1.7087 1.7005 -0.964403,
			]
		}
		coordIndex [
			0, 1, 2, -1
		]
	}
}
#---------- POLYLINE
Shape {
	appearance Appearance {
		material Material {
			diffuseColor 0 1 1
			emissiveColor 0 1 1
		}
	}
	geometry IndexedLineSet {
		coord Coordinate {
			point [
				0.504642 2.85356 -50,
				0.504642 2.85356 -1,
				0.504642 2.85356 -0.635587,
				0.504512 2.85294 -0.385752,
				0.504307 2.85256 -0.324318,
				0.503155 2.85016 0.0594716,
				0.505257 2.84844 1,
				0.547677 2.84384 6,
				0.551919 2.84338 6.5,
				1.03656 3.22077 100,
			]
		}
		coordIndex [
			0, 1, 2, 3, 4, 5, 6, 7, 8, 9, -1
		]
	}
}
#---------- POLYLINE
Shape {
	appearance Appearance {
		material Material {
			diffuseColor 1 0 0
			emissiveColor 1 0 0
		}
	}
	geometry IndexedLineSet {
		coord Coordinate {
			point [
				0.503155 2.85016 0.0594716,
				0.497745 2.84502 0.064255,
			]
		}
		coordIndex [
			0, 1, -1
		]
	}
}
#---------- POLYLINE
Shape {
	appearance Appearance {
		material Material {
			diffuseColor 1 0 0
			emissiveColor 1 0 0
		}
	}
	geometry IndexedLineSet {
		coord Coordinate {
			point [
				0.504307 2.85256 -0.324318,
				0.506385 2.84869 -0.322067,
			]
		}
		coordIndex [
			0, 1, -1
		]
	}
}
#---------- POLYLINE
Shape {
	appearance Appearance {
		material Material {
			diffuseColor 1 0 0
			emissiveColor 1 0 0
		}
	}
	geometry IndexedLineSet {
		coord Coordinate {
			point [
				0.504512 2.85294 -0.385752,
				0.495607 2.84548 -0.376793,
			]
		}
		coordIndex [
			0, 1, -1
		]
	}
}
#---------- POLYLINE
Shape {
	appearance Appearance {
		material Material {
			diffuseColor 0 1 1
			emissiveColor 0 1 1
		}
	}
	geometry IndexedLineSet {
		coord Coordinate {
			point [
				2.6913 1.9898 -50,
				2.6913 1.9898 -1,
				2.6913 1.9898 -0.744569,
				2.69129 1.98972 -0.657781,
				2.69149 1.98792 -0.181355,
				2.69287 1.98743 0.00227649,
				2.69583 1.98618 0.3858,
				2.6971 1.9843 0.65565,
				2.69714 1.98423 0.665418,
				2.69734 1.9839 0.716073,
				2.69865 1.98252 1,
				2.71095 1.97686 6,
				2.71138 1.97666 6.17515,
				2.71153 1.97666 6.5,
				2.97935 2.06088 100,
			]
		}
		coordIndex [
			0, 1, 2, 3, 4, 5, 6, 7, 8, 9, 
			10, 11, 12, 13, 14, -1
		]
	}
}
#---------- POLYLINE
Shape {
	appearance Appearance {
		material Material {
			diffuseColor 1 0 0
			emissiveColor 1 0 0
		}
	}
	geometry IndexedLineSet {
		coord Coordinate {
			point [
				2.71138 1.97666 6.17515,
				2.71517 1.97628 6.17699,
			]
		}
		coordIndex [
			0, 1, -1
		]
	}
}
#---------- POLYLINE
Shape {
	appearance Appearance {
		material Material {
			diffuseColor 1 0 0
			emissiveColor 1 0 0
		}
	}
	geometry IndexedLineSet {
		coord Coordinate {
			point [
				2.69734 1.9839 0.716073,
				2.69237 1.98544 0.719016,
			]
		}
		coordIndex [
			0, 1, -1
		]
	}
}
#---------- POLYLINE
Shape {
	appearance Appearance {
		material Material {
			diffuseColor 1 0 0
			emissiveColor 1 0 0
		}
	}
	geometry IndexedLineSet {
		coord Coordinate {
			point [
				2.69714 1.98423 0.665418,
				2.69136 1.97001 0.679614,
			]
		}
		coordIndex [
			0, 1, -1
		]
	}
}
#---------- POLYLINE
Shape {
	appearance Appearance {
		material Material {
			diffuseColor 1 0 0
			emissiveColor 1 0 0
		}
	}
	geometry IndexedLineSet {
		coord Coordinate {
			point [
				2.6971 1.9843 0.65565,
				2.6975 1.9896 0.65869,
			]
		}
		coordIndex [
			0, 1, -1
		]
	}
}
#---------- POLYLINE
Shape {
	appearance Appearance {
		material Material {
			diffuseColor 1 0 0
			emissiveColor 1 0 0
		}
	}
	geometry IndexedLineSet {
		coord Coordinate {
			point [
				2.69583 1.98618 0.3858,
				2.6993 1.9855 0.387478,
			]
		}
		coordIndex [
			0, 1, -1
		]
	}
}
#---------- POLYLINE
Shape {
	appearance Appearance {
		material Material {
			diffuseColor 1 0 0
			emissiveColor 1 0 0
		}
	}
	geometry IndexedLineSet {
		coord Coordinate {
			point [
				2.69287 1.98743 0.00227649,
				2.71303 1.98523 0.0248388,
			]
		}
		coordIndex [
			0, 1, -1
		]
	}
}
#---------- POLYLINE
Shape {
	appearance Appearance {
		material Material {
			diffuseColor 1 0 0
			emissiveColor 1 0 0
		}
	}
	geometry IndexedLineSet {
		coord Coordinate {
			point [
				2.69149 1.98792 -0.181355,
				2.68696 1.98547 -0.178485,
			]
		}
		coordIndex [
			0, 1, -1
		]
	}
}
#---------- POLYLINE
Shape {
	appearance Appearance {
		material Material {
			diffuseColor 1 0 0
			emissiveColor 1 0 0
		}
	}
	geometry IndexedLineSet {
		coord Coordinate {
			point [
				2.69129 1.98972 -0.657781,
				2.68563 2.0074 -0.635091,
				2.68088 2.00217 -0.636431,
			]
		}
		coordIndex [
			0, 1, 2, -1
		]
	}
}
#---------- POLYLINE
Shape {
	appearance Appearance {
		material Material {
			diffuseColor 1 0 0
			emissiveColor 1 0 0
		}
	}
	geometry IndexedLineSet {
		coord Coordinate {
			point [
				2.68563 2.0074 -0.635091,
				2.68385 2.00772 -0.631037,
			]
		}
		coordIndex [
			0, 1, -1
		]
	}
}
#---------- POLYLINE
Shape {
	appearance Appearance {
		material Material {
			diffuseColor 0 1 1
			emissiveColor 0 1 1
		}
	}
	geometry IndexedLineSet {
		coord Coordinate {
			point [
				-0.269785 -0.521973 -50,
				-0.269785 -0.521973 -1,
				-0.268283 -0.521941 -0.432767,
				-0.266421 -0.520436 -0.261353,
				-0.263244 -0.517636 0.0996362,
				-0.262602 -0.517075 0.173678,
				-0.257394 -0.513626 0.620299,
				-0.255899 -0.513611 0.768319,
				-0.255377 -0.513496 0.817221,
				-0.253814 -0.512925 1,
				-0.188669 -0.493354 6,
				-0.186207 -0.492615 6.18895,
				-0.186127 -0.49257 6.19599,
				-0.185999 -0.492497 6.20753,
				-0.183206 -0.490709 6.46227,
				-0.182896 -0.490298 6.49661,
				-0.182857 -0.490261 6.5,
				0.907669 0.565163 100,
			]
		}
		coordIndex [
			0, 1, 2, 3, 4, 5, 6, 7, 8, 9, 
			10, 11, 12, 13, 14, 15, 16, 17, -1
		]
	}
}
#---------- POLYLINE
Shape {
	appearance Appearance {
		material Material {
			diffuseColor 1 0 0
			emissiveColor 1 0 0
		}
	}
	geometry IndexedLineSet {
		coord Coordinate {
			point [
				-0.182896 -0.490298 6.49661,
				-0.183715 -0.488942 6.4971,
				-0.182221 -0.488074 6.49688,
				-0.180721 -0.488067 6.49647,
				-0.17921 -0.488732 6.49709,
				-0.1782 -0.488505 6.49823,
				-0.178264 -0.488695 6.49903,
				-0.178715 -0.48861 6.49877,
				-0.179076 -0.488499 6.49862,
			]
		}
		coordIndex [
			0, 1, 2, 3, 4, 5, 6, 7, 8, -1
		]
	}
}
#---------- POLYLINE
Shape {
	appearance Appearance {
		material Material {
			diffuseColor 1 0 0
			emissiveColor 1 0 0
		}
	}
	geometry IndexedLineSet {
		coord Coordinate {
			point [
				-0.183206 -0.490709 6.46227,
				-0.181234 -0.49455 6.46451,
			]
		}
		coordIndex [
			0, 1, -1
		]
	}
}
#---------- POLYLINE
Shape {
	appearance Appearance {
		material Material {
			diffuseColor 1 0 0
			emissiveColor 1 0 0
		}
	}
	geometry IndexedLineSet {
		coord Coordinate {
			point [
				-0.185999 -0.492497 6.20753,
				-0.18912 -0.499528 6.21258,
			]
		}
		coordIndex [
			0, 1, -1
		]
	}
}
#---------- POLYLINE
Shape {
	appearance Appearance {
		material Material {
			diffuseColor 1 0 0
			emissiveColor 1 0 0
		}
	}
	geometry IndexedLineSet {
		coord Coordinate {
			point [
				-0.186127 -0.49257 6.19599,
				-0.188998 -0.498632 6.20014,
			]
		}
		coordIndex [
			0, 1, -1
		]
	}
}
#---------- POLYLINE
Shape {
	appearance Appearance {
		material Material {
			diffuseColor 1 0 0
			emissiveColor 1 0 0
		}
	}
	geometry IndexedLineSet {
		coord Coordinate {
			point [
				-0.186207 -0.492615 6.18895,
				-0.160614 -0.480347 6.23859,
			]
		}
		coordIndex [
			0, 1, -1
		]
	}
}
#---------- POLYLINE
Shape {
	appearance Appearance {
		material Material {
			diffuseColor 1 0 0
			emissiveColor 1 0 0
		}
	}
	geometry IndexedLineSet {
		coord Coordinate {
			point [
				-0.255377 -0.513496 0.817221,
				-0.252387 -0.504008 0.824452,
			]
		}
		coordIndex [
			0, 1, -1
		]
	}
}
#---------- POLYLINE
Shape {
	appearance Appearance {
		material Material {
			diffuseColor 1 0 0
			emissiveColor 1 0 0
		}
	}
	geometry IndexedLineSet {
		coord Coordinate {
			point [
				-0.255899 -0.513611 0.768319,
				-0.260924 -0.513446 0.771159,
			]
		}
		coordIndex [
			0, 1, -1
		]
	}
}
#---------- POLYLINE
Shape {
	appearance Appearance {
		material Material {
			diffuseColor 1 0 0
			emissiveColor 1 0 0
		}
	}
	geometry IndexedLineSet {
		coord Coordinate {
			point [
				-0.257394 -0.513626 0.620299,
				-0.261644 -0.510516 0.623305,
			]
		}
		coordIndex [
			0, 1, -1
		]
	}
}
#---------- POLYLINE
Shape {
	appearance Appearance {
		material Material {
			diffuseColor 1 0 0
			emissiveColor 1 0 0
		}
	}
	geometry IndexedLineSet {
		coord Coordinate {
			point [
				-0.262602 -0.517075 0.173678,
				-0.266106 -0.52014 0.176241,
			]
		}
		coordIndex [
			0, 1, -1
		]
	}
}
#---------- POLYLINE
Shape {
	appearance Appearance {
		material Material {
			diffuseColor 1 0 0
			emissiveColor 1 0 0
		}
	}
	geometry IndexedLineSet {
		coord Coordinate {
			point [
				-0.263244 -0.517636 0.0996362,
				-0.265808 -0.53254 0.113818,
			]
		}
		coordIndex [
			0, 1, -1
		]
	}
}
#---------- POLYLINE
Shape {
	appearance Appearance {
		material Material {
			diffuseColor 1 0 0
			emissiveColor 1 0 0
		}
	}
	geometry IndexedLineSet {
		coord Coordinate {
			point [
				-0.266421 -0.520436 -0.261353,
				-0.267687 -0.517196 -0.259717,
			]
		}
		coordIndex [
			0, 1, -1
		]
	}
}
#---------- POLYLINE
Shape {
	appearance Appearance {
		material Material {
			diffuseColor 0 1 1
			emissiveColor 0 1 1
		}
	}
	geometry IndexedLineSet {
		coord Coordinate {
			point [
				0.12568 0.86467 -50,
				0.12568 0.86467 -1,
				0.12568 0.86467 -0.646289,
				0.125856 0.864605 -0.609978,
				0.127345 0.864568 -0.20098,
				0.12749 0.865844 -0.0138929,
				0.127526 0.86601 0.017128,
				0.126292 0.868514 0.537228,
				0.126219 0.869702 0.630953,
				0.125099 0.873915 1,
				0.0729999 0.933865 6,
				0.0677901 0.93986 6.5,
				-0.18437 1.44357 100,
			]
		}
		coordIndex [
			0, 1, 2, 3, 4, 5, 6, 7, 8, 9, 
			10, 11, 12, -1
		]
	}
}
#---------- POLYLINE
Shape {
	appearance Appearance {
		material Material {
			diffuseColor 1 0 0
			emissiveColor 1 0 0
		}
	}
	geometry IndexedLineSet {
		coord Coordinate {
			point [
				0.126292 0.868514 0.537228,
				0.115263 0.863617 0.547121,
			]
		}
		coordIndex [
			0, 1, -1
		]
	}
}
#---------- POLYLINE
Shape {
	appearance Appearance {
		material Material {
			diffuseColor 1 0 0
			emissiveColor 1 0 0
		}
	}
	geometry IndexedLineSet {
		coord Coordinate {
			point [
				0.127526 0.86601 0.017128,
				0.128866 0.869982 0.0192468,
			]
		}
		coordIndex [
			0, 1, -1
		]
	}
}
#---------- POLYLINE
Shape {
	appearance Appearance {
		material Material {
			diffuseColor 1 0 0
			emissiveColor 1 0 0
		}
	}
	geometry IndexedLineSet {
		coord Coordinate {
			point [
				0.12749 0.865844 -0.0138929,
				0.122007 0.862605 -0.0100359,
			]
		}
		coordIndex [
			0, 1, -1
		]
	}
}
#---------- POLYLINE
Shape {
	appearance Appearance {
		material Material {
			diffuseColor 1 0 0
			emissiveColor 1 0 0
		}
	}
	geometry IndexedLineSet {
		coord Coordinate {
			point [
				0.127345 0.864568 -0.20098,
				0.123057 0.859399 -0.196812,
			]
		}
		coordIndex [
			0, 1, -1
		]
	}
}
#---------- POLYLINE
Shape {
	appearance Appearance {
		material Material {
			diffuseColor 1 0 0
			emissiveColor 1 0 0
		}
	}
	geometry IndexedLineSet {
		coord Coordinate {
			point [
				0.125856 0.864605 -0.609978,
				0.12902 0.865613 -0.608444,
			]
		}
		coordIndex [
			0, 1, -1
		]
	}
}
#---------- POLYLINE
Shape {
	appearance Appearance {
		material Material {
			diffuseColor 1 0 0
			emissiveColor 1 0 0
		}
	}
	geometry IndexedLineSet {
		coord Coordinate {
			point [
				0.12568 0.86467 -0.646289,
				0.138134 0.84641 -0.619676,
			]
		}
		coordIndex [
			0, 1, -1
		]
	}
}
#---------- POLYLINE
Shape {
	appearance Appearance {
		material Material {
			diffuseColor 0 1 1
			emissiveColor 0 1 1
		}
	}
	geometry IndexedLineSet {
		coord Coordinate {
			point [
				-2.39405 1.06366 -50,
				-2.39405 1.06366 -1,
				-2.39405 1.06366 -0.371475,
				-2.39053 1.06493 0.0997155,
				-2.38822 1.06526 0.442483,
				-2.38619 1.06589 0.845116,
				-2.38542 1.06536 1,
				-2.35209 1.04168 6,
				-2.34918 1.03961 6.43701,
				-2.34917 1.03933 6.5,
				-2.24301 0.688419 100,
			]
		}
		coordIndex [
			0, 1, 2, 3, 4, 5, 6, 7, 8, 9, 
			10, -1
		]
	}
}
#---------- POLYLINE
Shape {
	appearance Appearance {
		material Material {
			diffuseColor 1 0 0
			emissiveColor 1 0 0
		}
	}
	geometry IndexedLineSet {
		coord Coordinate {
			point [
				-2.34918 1.03961 6.43701,
				-2.34131 1.05674 6.45683,
			]
		}
		coordIndex [
			0, 1, -1
		]
	}
}
#---------- POLYLINE
Shape {
	appearance Appearance {
		material Material {
			diffuseColor 1 0 0
			emissiveColor 1 0 0
		}
	}
	geometry IndexedLineSet {
		coord Coordinate {
			point [
				-2.38619 1.06589 0.845116,
				-2.3802 1.0633 0.849039,
			]
		}
		coordIndex [
			0, 1, -1
		]
	}
}
#---------- POLYLINE
Shape {
	appearance Appearance {
		material Material {
			diffuseColor 1 0 0
			emissiveColor 1 0 0
		}
	}
	geometry IndexedLineSet {
		coord Coordinate {
			point [
				-2.38822 1.06526 0.442483,
				-2.38416 1.0599 0.446608,
			]
		}
		coordIndex [
			0, 1, -1
		]
	}
}
#---------- POLYLINE
Shape {
	appearance Appearance {
		material Material {
			diffuseColor 1 0 0
			emissiveColor 1 0 0
		}
	}
	geometry IndexedLineSet {
		coord Coordinate {
			point [
				-2.39053 1.06493 0.0997155,
				-2.39481 1.08601 0.125726,
			]
		}
		coordIndex [
			0, 1, -1
		]
	}
}
#---------- POLYLINE
Shape {
	appearance Appearance {
		material Material {
			diffuseColor 1 0 0
			emissiveColor 1 0 0
		}
	}
	geometry IndexedLineSet {
		coord Coordinate {
			point [
				-2.39405 1.06366 -0.371475,
				-2.38769 1.06651 -0.367236,
			]
		}
		coordIndex [
			0, 1, -1
		]
	}
}
#---------- POLYLINE
Shape {
	appearance Appearance {
		material Material {
			diffuseColor 0 1 1
			emissiveColor 0 1 1
		}
	}
	geometry IndexedLineSet {
		coord Coordinate {
			point [
				1.90346 -2.60169 -50,
				1.90346 -2.60169 -1,
				1.90346 -2.60169 -0.838989,
				1.90342 -2.60182 -0.800334,
				1.90337 -2.60196 -0.761032,
				1.90189 -2.59513 0.541436,
				1.89866 -2.59438 1,
				1.85493 -2.61436 6,
				1.85244 -2.6155 6.28522,
				1.85241 -2.61552 6.30333,
				1.85208 -2.6157 6.41762,
				1.85178 -2.61575 6.5,
				1.76376 -2.62148 100,
			]
		}
		coordIndex [
			0, 1, 2, 3, 4, 5, 6, 7, 8, 9, 
			10, 11, 12, -1
		]
	}
}
#---------- POLYLINE
Shape {
	appearance Appearance {
		material Material {
			diffuseColor 1 0 0
			emissiveColor 1 0 0
		}
	}
	geometry IndexedLineSet {
		coord Coordinate {
			point [
				1.85208 -2.6157 6.41762,
				1.85774 -2.61815 6.42124,
			]
		}
		coordIndex [
			0, 1, -1
		]
	}
}
#---------- POLYLINE
Shape {
	appearance Appearance {
		material Material {
			diffuseColor 1 0 0
			emissiveColor 1 0 0
		}
	}
	geometry IndexedLineSet {
		coord Coordinate {
			point [
				1.85241 -2.61552 6.30333,
				1.85105 -2.61905 6.30515,
			]
		}
		coordIndex [
			0, 1, -1
		]
	}
}
#---------- POLYLINE
Shape {
	appearance Appearance {
		material Material {
			diffuseColor 1 0 0
			emissiveColor 1 0 0
		}
	}
	geometry IndexedLineSet {
		coord Coordinate {
			point [
				1.85244 -2.6155 6.28522,
				1.85 -2.61801 6.28687,
			]
		}
		coordIndex [
			0, 1, -1
		]
	}
}
#---------- POLYLINE
Shape {
	appearance Appearance {
		material Material {
			diffuseColor 1 0 0
			emissiveColor 1 0 0
		}
	}
	geometry IndexedLineSet {
		coord Coordinate {
			point [
				1.90342 -2.60182 -0.800334,
				1.91549 -2.61068 -0.786899,
			]
		}
		coordIndex [
			0, 1, -1
		]
	}
}
#---------- POLYLINE
Shape {
	appearance Appearance {
		material Material {
			diffuseColor 0 1 1
			emissiveColor 0 1 1
		}
	}
	geometry IndexedLineSet {
		coord Coordinate {
			point [
				0.663399 2.2896 -50,
				0.663399 2.2896 -1,
				0.663399 2.2896 -0.447231,
				0.661829 2.2925 0.456428,
				0.657173 2.29117 1,
				0.625904 2.28306 6,
				0.623095 2.28233 6.44904,
				0.622727 2.28259 6.5,
				-0.0460666 2.56368 100,
			]
		}
		coordIndex [
			0, 1, 2, 3, 4, 5, 6, 7, 8, -1
		]
	}
}
#---------- POLYLINE
Shape {
	appearance Appearance {
		material Material {
			diffuseColor 1 0 0
			emissiveColor 1 0 0
		}
	}
	geometry IndexedLineSet {
		coord Coordinate {
			point [
				0.623095 2.28233 6.44904,
				0.617323 2.2886 6.4546,
			]
		}
		coordIndex [
			0, 1, -1
		]
	}
}
#---------- POLYLINE
Shape {
	appearance Appearance {
		material Material {
			diffuseColor 1 0 0
			emissiveColor 1 0 0
		}
	}
	geometry IndexedLineSet {
		coord Coordinate {
			point [
				0.663399 2.2896 -0.447231,
				0.686401 2.29012 -0.417512,
			]
		}
		coordIndex [
			0, 1, -1
		]
	}
}
#---------- POLYLINE
Shape {
	appearance Appearance {
		material Material {
			diffuseColor 0 1 1
			emissiveColor 0 1 1
		}
	}
	geometry IndexedLineSet {
		coord Coordinate {
			point [
				1.98467 -1.19511 -50,
				1.98467 -1.19511 -1,
				1.98467 -1.19511 -0.986039,
				1.98441 -1.19516 -0.71433,
				1.9828 -1.19596 -0.0729848,
				1.97917 -1.19938 0.499381,
				1.97845 -1.19987 0.568704,
				1.97618 -1.20168 0.803047,
				1.97474 -1.20315 1,
				1.94043 -1.23533 6,
				1.93759 -1.23799 6.41333,
				1.9373 -1.23804 6.43787,
				1.93663 -1.23821 6.5,
				0.989999 -1.50068 100,
			]
		}
		coordIndex [
			0, 1, 2, 3, 4, 5, 6, 7, 8, 9, 
			10, 11, 12, 13, -1
		]
	}
}
#---------- POLYLINE
Shape {
	appearance Appearance {
		material Material {
			diffuseColor 1 0 0
			emissiveColor 1 0 0
		}
	}
	geometry IndexedLineSet {
		coord Coordinate {
			point [
				1.9373 -1.23804 6.43787,
				1.94811 -1.23906 6.44623,
			]
		}
		coordIndex [
			0, 1, -1
		]
	}
}
#---------- POLYLINE
Shape {
	appearance Appearance {
		material Material {
			diffuseColor 1 0 0
			emissiveColor 1 0 0
		}
	}
	geometry IndexedLineSet {
		coord Coordinate {
			point [
				1.93759 -1.23799 6.41333,
				1.90975 -1.2553 6.45018,
				1.88877 -1.25511 6.46365,
				1.87823 -1.24304 6.45474,
				1.87723 -1.23382 6.45288,
			]
		}
		coordIndex [
			0, 1, 2, 3, 4, -1
		]
	}
}
#---------- POLYLINE
Shape {
	appearance Appearance {
		material Material {
			diffuseColor 1 0 0
			emissiveColor 1 0 0
		}
	}
	geometry IndexedLineSet {
		coord Coordinate {
			point [
				1.97618 -1.20168 0.803047,
				1.97265 -1.21858 0.820193,
			]
		}
		coordIndex [
			0, 1, -1
		]
	}
}
#---------- POLYLINE
Shape {
	appearance Appearance {
		material Material {
			diffuseColor 1 0 0
			emissiveColor 1 0 0
		}
	}
	geometry IndexedLineSet {
		coord Coordinate {
			point [
				1.97845 -1.19987 0.568704,
				1.9842 -1.20093 0.572183,
			]
		}
		coordIndex [
			0, 1, -1
		]
	}
}
#---------- POLYLINE
Shape {
	appearance Appearance {
		material Material {
			diffuseColor 1 0 0
			emissiveColor 1 0 0
		}
	}
	geometry IndexedLineSet {
		coord Coordinate {
			point [
				1.97917 -1.19938 0.499381,
				1.97127 -1.2231 0.535496,
			]
		}
		coordIndex [
			0, 1, -1
		]
	}
}
#---------- POLYLINE
Shape {
	appearance Appearance {
		material Material {
			diffuseColor 1 0 0
			emissiveColor 1 0 0
		}
	}
	geometry IndexedLineSet {
		coord Coordinate {
			point [
				1.9828 -1.19596 -0.0729848,
				1.97688 -1.209 -0.0605717,
			]
		}
		coordIndex [
			0, 1, -1
		]
	}
}
#---------- POLYLINE
Shape {
	appearance Appearance {
		material Material {
			diffuseColor 1 0 0
			emissiveColor 1 0 0
		}
	}
	geometry IndexedLineSet {
		coord Coordinate {
			point [
				1.98441 -1.19516 -0.71433,
				1.99115 -1.185 -0.704496,
			]
		}
		coordIndex [
			0, 1, -1
		]
	}
}
#---------- POLYLINE
Shape {
	appearance Appearance {
		material Material {
			diffuseColor 1 0 0
			emissiveColor 1 0 0
		}
	}
	geometry IndexedLineSet {
		coord Coordinate {
			point [
				1.98467 -1.19511 -0.986039,
				1.98985 -1.19306 -0.982891,
			]
		}
		coordIndex [
			0, 1, -1
		]
	}
}
#---------- POLYLINE
Shape {
	appearance Appearance {
		material Material {
			diffuseColor 0 1 1
			emissiveColor 0 1 1
		}
	}
	geometry IndexedLineSet {
		coord Coordinate {
			point [
				0.737724 -3.20712 -50,
				0.737724 -3.20712 -1,
				0.737724 -3.20712 -0.898394,
				0.73749 -3.20717 -0.673504,
				0.734888 -3.21008 0.204707,
				0.735569 -3.21059 0.521783,
				0.735914 -3.20995 0.679583,
				0.735518 -3.20748 1,
				0.739511 -3.18173 6,
				0.73965 -3.18084 6.17304,
				0.739624 -3.17968 6.5,
				1.12695 -2.62847 100,
			]
		}
		coordIndex [
			0, 1, 2, 3, 4, 5, 6, 7, 8, 9, 
			10, 11, -1
		]
	}
}
#---------- POLYLINE
Shape {
	appearance Appearance {
		material Material {
			diffuseColor 1 0 0
			emissiveColor 1 0 0
		}
	}
	geometry IndexedLineSet {
		coord Coordinate {
			point [
				0.73965 -3.18084 6.17304,
				0.725561 -3.2043 6.22054,
			]
		}
		coordIndex [
			0, 1, -1
		]
	}
}
#---------- POLYLINE
Shape {
	appearance Appearance {
		material Material {
			diffuseColor 1 0 0
			emissiveColor 1 0 0
		}
	}
	geometry IndexedLineSet {
		coord Coordinate {
			point [
				0.735914 -3.20995 0.679583,
				0.727452 -3.19485 0.696798,
			]
		}
		coordIndex [
			0, 1, -1
		]
	}
}
#---------- POLYLINE
Shape {
	appearance Appearance {
		material Material {
			diffuseColor 1 0 0
			emissiveColor 1 0 0
		}
	}
	geometry IndexedLineSet {
		coord Coordinate {
			point [
				0.735569 -3.21059 0.521783,
				0.738372 -3.21518 0.524832,
			]
		}
		coordIndex [
			0, 1, -1
		]
	}
}
#---------- POLYLINE
Shape {
	appearance Appearance {
		material Material {
			diffuseColor 1 0 0
			emissiveColor 1 0 0
		}
	}
	geometry IndexedLineSet {
		coord Coordinate {
			point [
				0.734888 -3.21008 0.204707,
				0.751324 -3.21945 0.224905,
			]
		}
		coordIndex [
			0, 1, -1
		]
	}
}
#---------- POLYLINE
Shape {
	appearance Appearance {
		material Material {
			diffuseColor 1 0 0
			emissiveColor 1 0 0
		}
	}
	geometry IndexedLineSet {
		coord Coordinate {
			point [
				0.73749 -3.20717 -0.673504,
				0.750733 -3.20977 -0.662003,
			]
		}
		coordIndex [
			0, 1, -1
		]
	}
}
#---------- POLYLINE
Shape {
	appearance Appearance {
		material Material {
			diffuseColor 0 1 1
			emissiveColor 0 1 1
		}
	}
	geometry IndexedLineSet {
		coord Coordinate {
			point [
				-2.92118 -0.562377 -50,
				-2.92118 -0.562377 -1,
				-2.92118 -0.562377 -0.942363,
				-2.92102 -0.562553 -0.797733,
				-2.92022 -0.563106 -0.493529,
				-2.91926 -0.563165 -0.225985,
				-2.91908 -0.563114 -0.014295,
				-2.91674 -0.565215 0.545048,
				-2.91694 -0.566106 0.763052,
				-2.91709 -0.567721 1,
				-2.9568 -0.603409 6,
				-2.95762 -0.604146 6.10337,
				-2.95983 -0.605366 6.31238,
				-2.96061 -0.605723 6.37016,
				-2.96225 -0.606571 6.5,
				-4.36755 -1.04205 100,
			]
		}
		coordIndex [
			0, 1, 2, 3, 4, 5, 6, 7, 8, 9, 
			10, 11, 12, 13, 14, 15, -1
		]
	}
}
#---------- POLYLINE
Shape {
	appearance Appearance {
		material Material {
			diffuseColor 1 0 0
			emissiveColor 1 0 0
		}
	}
	geometry IndexedLineSet {
		coord Coordinate {
			point [
				-2.95983 -0.605366 6.31238,
				-2.97354 -0.599082 6.32554,
			]
		}
		coordIndex [
			0, 1, -1
		]
	}
}
#---------- POLYLINE
Shape {
	appearance Appearance {
		material Material {
			diffuseColor 1 0 0
			emissiveColor 1 0 0
		}
	}
	geometry IndexedLineSet {
		coord Coordinate {
			point [
				-2.95762 -0.604146 6.10337,
				-2.97105 -0.60819 6.11499,
			]
		}
		coordIndex [
			0, 1, -1
		]
	}
}
#---------- POLYLINE
Shape {
	appearance Appearance {
		material Material {
			diffuseColor 1 0 0
			emissiveColor 1 0 0
		}
	}
	geometry IndexedLineSet {
		coord Coordinate {
			point [
				-2.91674 -0.565215 0.545048,
				-2.91803 -0.556227 0.551498,
			]
		}
		coordIndex [
			0, 1, -1
		]
	}
}
#---------- POLYLINE
Shape {
	appearance Appearance {
		material Material {
			diffuseColor 1 0 0
			emissiveColor 1 0 0
		}
	}
	geometry IndexedLineSet {
		coord Coordinate {
			point [
				-2.91908 -0.563114 -0.014295,
				-2.92028 -0.559981 -0.0126934,
			]
		}
		coordIndex [
			0, 1, -1
		]
	}
}
#---------- POLYLINE
Shape {
	appearance Appearance {
		material Material {
			diffuseColor 1 0 0
			emissiveColor 1 0 0
		}
	}
	geometry IndexedLineSet {
		coord Coordinate {
			point [
				-2.91926 -0.563165 -0.225985,
				-2.90975 -0.569816 -0.216871,
			]
		}
		coordIndex [
			0, 1, -1
		]
	}
}
#---------- POLYLINE
Shape {
	appearance Appearance {
		material Material {
			diffuseColor 1 0 0
			emissiveColor 1 0 0
		}
	}
	geometry IndexedLineSet {
		coord Coordinate {
			point [
				-2.92022 -0.563106 -0.493529,
				-2.92257 -0.56618 -0.491609,
			]
		}
		coordIndex [
			0, 1, -1
		]
	}
}
#---------- POLYLINE
Shape {
	appearance Appearance {
		material Material {
			diffuseColor 1 0 0
			emissiveColor 1 0 0
		}
	}
	geometry IndexedLineSet {
		coord Coordinate {
			point [
				-2.92102 -0.562553 -0.797733,
				-2.92383 -0.564434 -0.796143,
			]
		}
		coordIndex [
			0, 1, -1
		]
	}
}
#---------- POLYLINE
Shape {
	appearance Appearance {
		material Material {
			diffuseColor 1 0 0
			emissiveColor 1 0 0
		}
	}
	geometry IndexedLineSet {
		coord Coordinate {
			point [
				-2.92118 -0.562377 -0.942363,
				-2.92679 -0.56379 -0.939047,
			]
		}
		coordIndex [
			0, 1, -1
		]
	}
}
#---------- POLYLINE
Shape {
	appearance Appearance {
		material Material {
			diffuseColor 0 1 1
			emissiveColor 0 1 1
		}
	}
	geometry IndexedLineSet {
		coord Coordinate {
			point [
				3.01469 -2.02225 -50,
				3.01469 -2.02225 -1,
				3.01469 -2.02225 -0.349254,
				3.0242 -2.01918 0.805338,
				3.02502 -2.01925 1,
				3.02882 -2.03124 6,
				3.02891 -2.03152 6.11509,
				3.02882 -2.03166 6.19926,
				3.02853 -2.03283 6.5,
				2.58123 -2.68466 100,
			]
		}
		coordIndex [
			0, 1, 2, 3, 4, 5, 6, 7, 8, 9, -1
		]
	}
}
#---------- POLYLINE
Shape {
	appearance Appearance {
		material Material {
			diffuseColor 1 0 0
			emissiveColor 1 0 0
		}
	}
	geometry IndexedLineSet {
		coord Coordinate {
			point [
				3.02882 -2.03166 6.19926,
				3.03375 -2.02758 6.20308,
			]
		}
		coordIndex [
			0, 1, -1
		]
	}
}
#---------- POLYLINE
Shape {
	appearance Appearance {
		material Material {
			diffuseColor 1 0 0
			emissiveColor 1 0 0
		}
	}
	geometry IndexedLineSet {
		coord Coordinate {
			point [
				3.02891 -2.03152 6.11509,
				3.0193 -2.02917 6.12745,
				3.02836 -2.0243 6.1367,
				3.03005 -2.02479 6.12667,
			]
		}
		coordIndex [
			0, 1, 2, 3, -1
		]
	}
}
#---------- POLYLINE
Shape {
	appearance Appearance {
		material Material {
			diffuseColor 1 0 0
			emissiveColor 1 0 0
		}
	}
	geometry IndexedLineSet {
		coord Coordinate {
			point [
				3.0193 -2.02917 6.12745,
				3.0167 -2.02653 6.12889,
			]
		}
		coordIndex [
			0, 1, -1
		]
	}
}
#---------- POLYLINE
Shape {
	appearance Appearance {
		material Material {
			diffuseColor 1 0 0
			emissiveColor 1 0 0
		}
	}
	geometry IndexedLineSet {
		coord Coordinate {
			point [
				3.0242 -2.01918 0.805338,
				3.04279 -2.01093 0.82866,
			]
		}
		coordIndex [
			0, 1, -1
		]
	}
}
#---------- POLYLINE
Shape {
	appearance Appearance {
		material Material {
			diffuseColor 1 0 0
			emissiveColor 1 0 0
		}
	}
	geometry IndexedLineSet {
		coord Coordinate {
			point [
				3.01469 -2.02225 -0.349254,
				3.01341 -2.02836 -0.345521,
			]
		}
		coordIndex [
			0, 1, -1
		]
	}
}
#---------- POLYLINE
Shape {
	appearance Appearance {
		material Material {
			diffuseColor 0 1 1
			emissiveColor 0 1 1
		}
	}
	geometry IndexedLineSet {
		coord Coordinate {
			point [
				-0.832763 0.892039 -50,
				-0.832763 0.892039 -1,
				-0.832763 0.892039 -0.984043,
				-0.832796 0.89209 -0.90905,
				-0.833129 0.891969 -0.77117,
				-0.833583 0.891705 -0.46446,
				-0.833562 0.891777 -0.377008,
				-0.831021 0.891513 0.183922,
				-0.832098 0.893082 0.602391,
				-0.833203 0.892744 0.73049,
				-0.834452 0.892233 0.906434,
				-0.834567 0.892199 0.922054,
				-0.835111 0.892053 1,
				-0.878088 0.878119 6,
				-0.879207 0.877756 6.13014,
				-0.882206 0.877383 6.45028,
				-0.882773 0.877144 6.5,
				-1.88747 0.349529 100,
			]
		}
		coordIndex [
			0, 1, 2, 3, 4, 5, 6, 7, 8, 9, 
			10, 11, 12, 13, 14, 15, 16, 17, -1
		]
	}
}
#---------- POLYLINE
Shape {
	appearance Appearance {
		material Material {
			diffuseColor 1 0 0
			emissiveColor 1 0 0
		}
	}
	geometry IndexedLineSet {
		coord Coordinate {
			point [
				-0.882206 0.877383 6.45028,
				-0.878154 0.877173 6.45237,
			]
		}
		coordIndex [
			0, 1, -1
		]
	}
}
#---------- POLYLINE
Shape {
	appearance Appearance {
		material Material {
			diffuseColor 1 0 0
			emissiveColor 1 0 0
		}
	}
	geometry IndexedLineSet {
		coord Coordinate {
			point [
				-0.879207 0.877756 6.13014,
				-0.889572 0.883675 6.13935,
			]
		}
		coordIndex [
			0, 1, -1
		]
	}
}
#---------- POLYLINE
Shape {
	appearance Appearance {
		material Material {
			diffuseColor 1 0 0
			emissiveColor 1 0 0
		}
	}
	geometry IndexedLineSet {
		coord Coordinate {
			point [
				-0.834567 0.892199 0.922054,
				-0.839916 0.878674 0.935164,
			]
		}
		coordIndex [
			0, 1, -1
		]
	}
}
#---------- POLYLINE
Shape {
	appearance Appearance {
		material Material {
			diffuseColor 1 0 0
			emissiveColor 1 0 0
		}
	}
	geometry IndexedLineSet {
		coord Coordinate {
			point [
				-0.833203 0.892744 0.73049,
				-0.810383 0.880862 0.786626,
			]
		}
		coordIndex [
			0, 1, -1
		]
	}
}
#---------- POLYLINE
Shape {
	appearance Appearance {
		material Material {
			diffuseColor 1 0 0
			emissiveColor 1 0 0
		}
	}
	geometry IndexedLineSet {
		coord Coordinate {
			point [
				-0.832098 0.893082 0.602391,
				-0.815637 0.910618 0.6381,
			]
		}
		coordIndex [
			0, 1, -1
		]
	}
}
#---------- POLYLINE
Shape {
	appearance Appearance {
		material Material {
			diffuseColor 1 0 0
			emissiveColor 1 0 0
		}
	}
	geometry IndexedLineSet {
		coord Coordinate {
			point [
				-0.831021 0.891513 0.183922,
				-0.834284 0.891987 0.185456,
			]
		}
		coordIndex [
			0, 1, -1
		]
	}
}
#---------- POLYLINE
Shape {
	appearance Appearance {
		material Material {
			diffuseColor 1 0 0
			emissiveColor 1 0 0
		}
	}
	geometry IndexedLineSet {
		coord Coordinate {
			point [
				-0.833562 0.891777 -0.377008,
				-0.834994 0.898706 -0.372569,
			]
		}
		coordIndex [
			0, 1, -1
		]
	}
}
#---------- POLYLINE
Shape {
	appearance Appearance {
		material Material {
			diffuseColor 1 0 0
			emissiveColor 1 0 0
		}
	}
	geometry IndexedLineSet {
		coord Coordinate {
			point [
				-0.833583 0.891705 -0.46446,
				-0.840227 0.89332 -0.460251,
			]
		}
		coordIndex [
			0, 1, -1
		]
	}
}
#---------- POLYLINE
Shape {
	appearance Appearance {
		material Material {
			diffuseColor 1 0 0
			emissiveColor 1 0 0
		}
	}
	geometry IndexedLineSet {
		coord Coordinate {
			point [
				-0.833129 0.891969 -0.77117,
				-0.851556 0.901757 -0.690563,
			]
		}
		coordIndex [
			0, 1, -1
		]
	}
}
#---------- POLYLINE
Shape {
	appearance Appearance {
		material Material {
			diffuseColor 1 0 0
			emissiveColor 1 0 0
		}
	}
	geometry IndexedLineSet {
		coord Coordinate {
			point [
				-0.832796 0.89209 -0.90905,
				-0.8305 0.899494 -0.904028,
			]
		}
		coordIndex [
			0, 1, -1
		]
	}
}
#---------- POLYLINE
Shape {
	appearance Appearance {
		material Material {
			diffuseColor 1 0 0
			emissiveColor 1 0 0
		}
	}
	geometry IndexedLineSet {
		coord Coordinate {
			point [
				-0.832763 0.892039 -0.984043,
				-0.828875 0.89223 -0.982125,
			]
		}
		coordIndex [
			0, 1, -1
		]
	}
}
#---------- POLYLINE
Shape {
	appearance Appearance {
		material Material {
			diffuseColor 0 1 1
			emissiveColor 0 1 1
		}
	}
	geometry IndexedLineSet {
		coord Coordinate {
			point [
				3.29034 2.1276 -50,
				3.29034 2.1276 -1,
				3.29034 2.1276 -0.911169,
				3.2897 2.12653 -0.0226277,
				3.29197 2.12622 0.249489,
				3.30018 2.1228 1,
				3.31817 2.12545 6,
				3.31997 2.12572 6.5,
				4.00221 2.87895 100,
			]
		}
		coordIndex [
			0, 1, 2, 3, 4, 5, 6, 7, 8, -1
		]
	}
}
#---------- POLYLINE
Shape {
	appearance Appearance {
		material Material {
			diffuseColor 1 0 0
			emissiveColor 1 0 0
		}
	}
	geometry IndexedLineSet {
		coord Coordinate {
			point [
				3.29197 2.12622 0.249489,
				3.29327 2.13118 0.252324,
			]
		}
		coordIndex [
			0, 1, -1
		]
	}
}
#---------- POLYLINE
Shape {
	appearance Appearance {
		material Material {
			diffuseColor 1 0 0
			emissiveColor 1 0 0
		}
	}
	geometry IndexedLineSet {
		coord Coordinate {
			point [
				3.29034 2.1276 -0.911169,
				3.28701 2.12668 -0.909542,
			]
		}
		coordIndex [
			0, 1, -1
		]
	}
}
#---------- POLYLINE
Shape {
	appearance Appearance {
		material Material {
			diffuseColor 0 1 1
			emissiveColor 0 1 1
		}
	}
	geometry IndexedLineSet {
		coord Coordinate {
			point [
				1.23377 1.19548 -50,
				1.23377 1.19548 -1,
				1.23377 1.19548 -0.83271,
				1.23347 1.19508 -0.683291,
				1.23343 1.19506 -0.673347,
				1.23226 1.19417 -0.310268,
				1.22922 1.19414 0.216563,
				1.22882 1.19466 0.281073,
				1.22796 1.19548 0.400105,
				1.22618 1.19774 0.62271,
				1.22401 1.2005 1,
				1.20776 1.2615 6,
				1.20626 1.26714 6.4625,
				1.20603 1.26744 6.5,
				0.753024 1.82022 100,
			]
		}
		coordIndex [
			0, 1, 2, 3, 4, 5, 6, 7, 8, 9, 
			10, 11, 12, 13, 14, -1
		]
	}
}
#---------- POLYLINE
Shape {
	appearance Appearance {
		material Material {
			diffuseColor 1 0 0
			emissiveColor 1 0 0
		}
	}
	geometry IndexedLineSet {
		coord Coordinate {
			point [
				1.20626 1.26714 6.4625,
				1.19524 1.27111 6.48372,
				1.19214 1.27033 6.4942,
				1.19089 1.27055 6.5,
				-23.2504 -14.5807 100,
			]
		}
		coordIndex [
			0, 1, 2, 3, 4, -1
		]
	}
}
#---------- POLYLINE
Shape {
	appearance Appearance {
		material Material {
			diffuseColor 1 0 0
			emissiveColor 1 0 0
		}
	}
	geometry IndexedLineSet {
		coord Coordinate {
			point [
				1.22618 1.19774 0.62271,
				1.24304 1.21258 0.651696,
			]
		}
		coordIndex [
			0, 1, -1
		]
	}
}
#---------- POLYLINE
Shape {
	appearance Appearance {
		material Material {
			diffuseColor 1 0 0
			emissiveColor 1 0 0
		}
	}
	geometry IndexedLineSet {
		coord Coordinate {
			point [
				1.22922 1.19414 0.216563,
				1.21933 1.19413 0.223678,
			]
		}
		coordIndex [
			0, 1, -1
		]
	}
}
#---------- POLYLINE
Shape {
	appearance Appearance {
		material Material {
			diffuseColor 1 0 0
			emissiveColor 1 0 0
		}
	}
	geometry IndexedLineSet {
		coord Coordinate {
			point [
				1.23226 1.19417 -0.310268,
				1.2344 1.1911 -0.308431,
			]
		}
		coordIndex [
			0, 1, -1
		]
	}
}
#---------- POLYLINE
Shape {
	appearance Appearance {
		material Material {
			diffuseColor 1 0 0
			emissiveColor 1 0 0
		}
	}
	geometry IndexedLineSet {
		coord Coordinate {
			point [
				1.23343 1.19506 -0.673347,
				1.22603 1.19614 -0.668612,
			]
		}
		coordIndex [
			0, 1, -1
		]
	}
}
#---------- POLYLINE
Shape {
	appearance Appearance {
		material Material {
			diffuseColor 1 0 0
			emissiveColor 1 0 0
		}
	}
	geometry IndexedLineSet {
		coord Coordinate {
			point [
				1.23377 1.19548 -0.83271,
				1.22971 1.18806 -0.827093,
			]
		}
		coordIndex [
			0, 1, -1
		]
	}
}
#---------- POLYLINE
Shape {
	appearance Appearance {
		material Material {
			diffuseColor 0 1 1
			emissiveColor 0 1 1
		}
	}
	geometry IndexedLineSet {
		coord Coordinate {
			point [
				-0.657937 -0.913193 -50,
				-0.657937 -0.913193 -1,
				-0.657937 -0.913193 -0.419591,
				-0.656317 -0.912148 -0.167851,
				-0.654891 -0.911188 0.0426843,
				-0.654015 -0.910382 0.130945,
				-0.652645 -0.908686 0.288699,
				-0.64874 -0.905331 0.648982,
				-0.644355 -0.903187 1,
				-0.570837 -0.866167 6,
				-0.563485 -0.862465 6.5,
				1.00974 -0.393272 100,
			]
		}
		coordIndex [
			0, 1, 2, 3, 4, 5, 6, 7, 8, 9, 
			10, 11, -1
		]
	}
}
#---------- POLYLINE
Shape {
	appearance Appearance {
		material Material {
			diffuseColor 1 0 0
			emissiveColor 1 0 0
		}
	}
	geometry IndexedLineSet {
		coord Coordinate {
			point [
				-0.64874 -0.905331 0.648982,
				-0.64988 -0.90131 0.651113,
			]
		}
		coordIndex [
			0, 1, -1
		]
	}
}
#---------- POLYLINE
Shape {
	appearance Appearance {
		material Material {
			diffuseColor 1 0 0
			emissiveColor 1 0 0
		}
	}
	geometry IndexedLineSet {
		coord Coordinate {
			point [
				-0.652645 -0.908686 0.288699,
				-0.653021 -0.913175 0.291133,
			]
		}
		coordIndex [
			0, 1, -1
		]
	}
}
#---------- POLYLINE
Shape {
	appearance Appearance {
		material Material {
			diffuseColor 1 0 0
			emissiveColor 1 0 0
		}
	}
	geometry IndexedLineSet {
		coord Coordinate {
			point [
				-0.654015 -0.910382 0.130945,
				-0.675278 -0.907128 0.183596,
				-0.674471 -0.920501 0.190378,
			]
		}
		coordIndex [
			0, 1, 2, -1
		]
	}
}
#---------- POLYLINE
Shape {
	appearance Appearance {
		material Material {
			diffuseColor 1 0 0
			emissiveColor 1 0 0
		}
	}
	geometry IndexedLineSet {
		coord Coordinate {
			point [
				-0.675278 -0.907128 0.183596,
				-0.679283 -0.905316 0.188459,
			]
		}
		coordIndex [
			0, 1, -1
		]
	}
}
#---------- POLYLINE
Shape {
	appearance Appearance {
		material Material {
			diffuseColor 1 0 0
			emissiveColor 1 0 0
		}
	}
	geometry IndexedLineSet {
		coord Coordinate {
			point [
				-0.654891 -0.911188 0.0426843,
				-0.638139 -0.910718 0.0586837,
			]
		}
		coordIndex [
			0, 1, -1
		]
	}
}
#---------- POLYLINE
Shape {
	appearance Appearance {
		material Material {
			diffuseColor 1 0 0
			emissiveColor 1 0 0
		}
	}
	geometry IndexedLineSet {
		coord Coordinate {
			point [
				-0.656317 -0.912148 -0.167851,
				-0.665877 -0.916839 -0.159677,
			]
		}
		coordIndex [
			0, 1, -1
		]
	}
}
#---------- POLYLINE
Shape {
	appearance Appearance {
		material Material {
			diffuseColor 1 0 0
			emissiveColor 1 0 0
		}
	}
	geometry IndexedLineSet {
		coord Coordinate {
			point [
				-0.657937 -0.913193 -0.419591,
				-0.636128 -0.915226 -0.393511,
			]
		}
		coordIndex [
			0, 1, -1
		]
	}
}
#End of file.
